FIPS,State,County,LACCESS_POP10,LACCESS_POP15,PCH_LACCESS_POP_10_15,PCT_LACCESS_POP10,PCT_LACCESS_POP15,LACCESS_LOWI10,LACCESS_LOWI15,PCH_LACCESS_LOWI_10_15,PCT_LACCESS_LOWI10,PCT_LACCESS_LOWI15,LACCESS_HHNV10,LACCESS_HHNV15,PCH_LACCESS_HHNV_10_15,PCT_LACCESS_HHNV10,PCT_LACCESS_HHNV15,LACCESS_SNAP15,PCT_LACCESS_SNAP15,LACCESS_CHILD10,LACCESS_CHILD15,LACCESS_CHILD_10_15,PCT_LACCESS_CHILD10,PCT_LACCESS_CHILD15,LACCESS_SENIORS10,LACCESS_SENIORS15,PCH_LACCESS_SENIORS_10_15,PCT_LACCESS_SENIORS10,PCT_LACCESS_SENIORS15,LACCESS_WHITE15,PCT_LACCESS_WHITE15,LACCESS_BLACK15,PCT_LACCESS_BLACK15,LACCESS_HISP15,PCT_LACCESS_HISP15,LACCESS_NHASIAN15,PCT_LACCESS_NHASIAN15,LACCESS_NHNA15,PCT_LACCESS_NHNA15,LACCESS_NHPI15,PCT_LACCESS_NHPI15,LACCESS_MULTIR15,PCT_LACCESS_MULTIR15
13001,GA,Appling,3655.485669,3671.279857,0.432068122,20.04543578,20.13204572,1065.082135,1235.131823,15.96587559,5.840546911,6.773041364,325.417728,347.3984909,6.754629816,4.669503918,4.984911622,289.5273468,4.154503469,837.0896703,842.443687,0.639598948,4.590314051,4.619673651,552.4435452,553.8696426,0.258143543,3.029411851,3.037232082,3067.598131,16.82166117,341.0057346,1.869959062,298.5021034,1.636883656,45.44520432,0.24920599,7.0916466,0.03888817,12.00000055,0.065803907,198.139139,1.086527413
13003,GA,Atkinson,1925.072136,1919.599016,-0.284307313,22.98593596,22.92058526,914.9566377,1027.366526,12.2858159,10.92485538,12.26706299,157.4215345,191.4599068,21.62243715,5.277289121,6.418367644,228.4605311,7.658750624,553.8217399,553.6333141,-0.034022836,6.612796895,6.610547034,242.7913451,242.4911937,-0.123625254,2.899001136,2.895417238,1066.506806,12.73440962,531.6756791,6.348366317,375.8449082,4.487700396,4.000000024,0.047761194,16.30294677,0.194662051,2.999999926,0.035820895,298.1135791,3.559565123
13005,GA,Bacon,788.4184209,1369.729366,73.73127387,7.105429172,12.34435261,302.9183198,607.656003,100.6006119,2.729977648,5.476351865,114.6348182,164.9091737,43.85609559,2.720332658,3.913364349,87.06588096,2.066110132,198.7724926,395.9252296,99.18512082,1.791388722,3.568179791,136.2020704,191.5307697,40.62250977,1.227488017,1.726124456,935.6910085,8.432687532,315.9423468,2.847353522,115.4844537,1.040775538,5.602306612,0.050489425,1.703606978,0.015353343,0,0,110.790101,0.998468826
13007,GA,Baker,2651.71372,2616.917116,-1.31223079,76.83899506,75.83069011,1501.617507,1054.157546,-29.79853119,43.5125328,30.54643714,202.3115588,121.490479,-39.94881969,14.74574044,8.854991181,185.2228269,13.50020604,592.5623558,583.7252189,-1.491342945,17.17074343,16.91466876,423.9128833,417.0540044,-1.617992569,12.28376944,12.08501896,1320.631541,38.26808291,1182.05542,34.25254767,90.82489632,2.631842838,18.89102504,0.547407274,7.000000067,0.202839759,2.00000003,0.057954217,86.33912814,2.501858248
13009,GA,Baldwin,8230.218551,7587.25075,-7.812281011,18.00135291,16.59503664,3922.001363,4261.033191,8.644357715,8.578305694,9.319845124,637.0721872,671.6513877,5.427830815,3.794806929,4.000782629,551.1209919,3.282826971,1865.040891,1715.018949,-8.043895584,4.079267041,3.751135059,1138.105008,1086.280713,-4.553560097,2.489293544,2.375942067,3476.56878,7.604043701,3821.604875,8.358715826,103.0026501,0.225290136,115.5608958,0.252757865,17.54861396,0.038382795,0.950652532,0.002079293,155.0169324,0.339057158
13011,GA,Banks,1826.314105,674.3182326,-63.07764197,9.928318047,3.665769136,669.6957788,265.747116,-60.31823338,3.640640276,1.444670378,252.3166485,330.40395,30.94813681,3.765920126,4.931402239,34.2854482,0.511723108,469.0179715,187.6711438,-59.98636402,2.549703569,1.020229105,204.2715733,61.80041915,-69.74595233,1.110473353,0.335963138,485.3126829,2.638285854,14.72372336,0.080041986,246.176903,1.338281614,3.713567881,0.02018792,0,0,0,0,170.5682613,0.927253391
13013,GA,Barrow,10201.09547,8995.276941,-11.82048081,14.70597759,12.96766033,3972.712109,3541.567808,-10.85264398,5.727092291,5.105551354,477.1860033,484.9156599,1.619841425,1.990680419,2.022926285,537.5938591,2.242684323,2818.926003,2509.563316,-10.97448767,4.063785378,3.617805752,806.5900957,663.8834849,-17.69258158,1.162786477,0.957059531,7386.845044,10.64893255,719.0272693,1.036555234,713.4740688,1.028549698,327.7433968,0.472477398,33.61041602,0.048453034,2.796369739,0.004031268,525.2543892,0.757210762
13015,GA,Bartow,33460.20996,32530.30122,-2.779147955,33.40775978,32.47930871,11603.45442,14127.57723,21.75320145,11.58526555,14.1054317,909.9488763,1079.820842,18.66829777,2.543035259,3.017776653,1854.737567,5.183437391,9174.136236,8750.781927,-4.614650343,9.15975542,8.737064735,3216.84576,3267.261046,1.56722733,3.211803229,3.262139487,26086.98891,26.04609653,3852.291024,3.846252407,2904.328845,2.899776196,200.2034635,0.199889637,120.7953773,0.120606026,13.81705255,0.013795394,2256.205431,2.252668741
13017,GA,Ben Hill,3938.862089,4050.363238,2.830795971,22.3367477,22.96905545,2152.884543,2358.906511,9.569578105,12.20871353,13.3770359,470.9268244,582.6286512,23.71957193,6.931510515,8.575635137,465.09355,6.84565131,1063.865346,1088.590057,2.32404515,6.033034741,6.173245192,564.6340925,575.543144,1.93205682,3.201962643,3.263826381,2622.979324,14.87455668,1061.555781,6.019937511,387.8160558,2.199251763,31.85235108,0.180630323,4.800370001,0.027222241,2,0.011341726,327.1754185,1.85536701
13019,GA,Berrien,2663.026382,3723.029583,39.80445737,13.80808038,19.30431185,1196.161666,1913.009276,59.92899036,6.202227865,9.919160405,240.9191239,389.604631,61.71594214,3.236855084,5.234510695,414.3381124,5.566815967,659.4500156,934.5142007,41.71114999,3.419319795,4.845557403,395.618967,509.4311974,28.76814308,2.051327216,2.641455965,3044.123826,15.78411193,529.8820081,2.747495634,168.8706398,0.875612568,5.125460466,0.026576068,6.90973368,0.035827718,0,0,136.9885526,0.71030049
13021,GA,Bibb,35466.27426,38423.19675,8.337279722,22.80100179,24.70198509,12047.33074,16902.29648,40.29909895,7.745138604,10.86635967,1221.843277,1766.71474,44.59421868,2.026442122,2.930118153,3111.495844,5.160454173,9374.703104,10304.40149,9.917096903,6.026926333,6.624622458,4937.110442,5292.328144,7.194850223,3.174031285,3.402398082,18215.95782,11.7109027,18482.70018,11.88238936,1234.258924,0.793495808,509.7053297,0.327685735,91.65815292,0.058926339,27.47274213,0.01766202,1095.702557,0.704418958
13023,GA,Bleckley,955.1469651,907.6013376,-4.9778337,7.311849997,6.947878264,363.3703759,403.2126432,10.96464376,2.781676307,3.086677204,107.4544411,120.2066217,11.86752313,2.305889293,2.579541238,54.91893515,1.178517922,236.7959638,227.2088386,-4.048686073,1.812722681,1.73933123,145.8580151,143.3720167,-1.704396124,1.116573644,1.097542806,724.4429005,5.54576208,157.8200674,1.208145659,25.30883261,0.193744413,4.062962754,0.031102831,1.060422204,0.008117754,0,0,20.21498535,0.154749945
13025,GA,Brantley,2833.999023,798.9149833,-71.8096239,15.39296629,4.339335089,1016.604376,435.561977,-57.15521324,5.521722752,2.365770338,345.6729699,292.3658184,-15.42126695,5.020667681,4.246417116,71.59987958,1.039940154,774.2302197,202.4448311,-73.85211453,4.20525892,1.099586286,314.9439202,129.5062877,-58.8795721,1.710629082,0.703417998,744.4781959,4.043659746,33.24368009,0.180564228,18.27702116,0.099272289,0,0,0.002406014,1.30683E-05,0,0,21.19070639,0.115098074
13027,GA,Brooks,1355.036454,1355.036454,0,8.342279466,8.342279466,640.1321577,594.4634728,-7.134258816,3.940972466,3.659813291,167.2769855,248.455429,48.52935577,2.5906301,3.847846197,97.79537043,1.514563581,355.3378225,355.3378225,0,2.187636659,2.187636659,191.0940764,191.0940764,0,1.176470334,1.176470334,862.76308,5.311599335,405.4222998,2.495981652,88.2364128,0.543227315,1.924474272,0.011848022,4.153605569,0.025571665,0.003365152,2.07176E-05,80.76963055,0.497258084
13029,GA,Bryan,4224.2839,7790.858351,84.43027353,13.97242715,25.76938561,579.3202771,1901.036385,228.1494642,1.916185218,6.287951528,188.0557695,231.2106954,22.94794038,1.751310947,2.153200739,222.819361,2.075054582,1205.990245,2428.115441,101.3379007,3.988986355,8.031341387,400.0394415,527.8444641,31.94810545,1.323188044,1.745921556,6112.40038,20.21764423,1201.680232,3.974730366,477.098768,1.578072861,113.6455687,0.37589908,30.1902513,0.099858603,5.780328445,0.019119268,327.1616203,1.082134159
13031,GA,Bulloch,10800.4722,4473.953374,-58.57631695,15.38156316,6.371609971,7153.219798,2004.948805,-71.97137986,10.18730478,2.85536096,765.8594238,718.2723195,-6.213556005,2.994562752,2.808493918,244.5322488,0.956137825,1832.947957,1027.572747,-43.93879307,2.610404826,1.463424451,778.6385057,527.7884938,-32.216492,1.108903123,0.751653437,3070.765857,4.373251289,1164.785931,1.658837506,171.4639049,0.244191442,74.46272551,0.106046578,7.519926678,0.010709553,1.803764962,0.002568844,154.6151652,0.220196199
13033,GA,Burke,2235.017121,1759.325369,-21.28358429,9.585765661,7.545571147,1273.48541,1124.658801,-11.68655779,5.461851988,4.823549499,534.125641,488.7918053,-8.487485371,6.259529368,5.728252728,154.5075397,1.810705961,601.9222955,471.3320352,-21.69553467,2.58158473,2.021496119,301.5254064,244.8068906,-18.81052629,1.293212414,1.049952353,812.5036577,3.484747202,892.4541967,3.827647095,44.85714018,0.192387803,3.652489285,0.015665162,8.31644838,0.035668418,0.097868673,0.000419749,42.3007165,0.181423557
13035,GA,Butts,962.1886245,1120.398541,16.44271322,4.067590888,4.736413192,289.3332911,621.4537955,114.7882095,1.223137988,2.627156185,267.799309,202.1105064,-24.5291158,3.398037165,2.564528694,122.0485525,1.548642971,298.1743174,343.4855358,15.19621768,1.260512862,1.45206314,72.88700438,91.21364454,25.14390641,0.308125151,0.38559985,474.7328677,2.006902844,613.8371721,2.594957396,22.66147984,0.095799957,2.229993708,0.009427156,1.880226717,0.007948538,0,0,27.71827349,0.117177229
13037,GA,Calhoun,930.9538462,920.7954365,-1.09118296,13.90728781,13.75553386,624.2633597,381.1497669,-38.9440753,9.325714964,5.693901507,215.1297737,161.6794039,-24.84564033,10.74574294,8.075894298,78.3382833,3.913001164,201.1932612,197.9100914,-1.631848807,3.005576057,2.9565296,135.6135154,134.2937925,-0.973150041,2.025896556,2.006181543,342.3733114,5.11462969,555.172223,8.293579669,15.09272559,0.225466471,7.013855409,0.10477824,2.000000113,0.029877504,0,0,14.2360479,0.212668776
13039,GA,Camden,18300.56103,22128.55543,20.91736096,36.22940832,43.80764443,5667.331192,6891.994263,21.60916715,11.2195498,13.64400107,476.754728,653.5784625,37.08903638,2.641739503,3.621535228,821.7885635,4.553602059,5249.850971,6000.712625,14.30253274,10.39306905,11.87954116,1507.494795,1764.227843,17.03044343,2.984369954,3.492621391,16047.32135,31.76869589,4505.168301,8.918829412,1382.589708,2.737096804,333.2785879,0.659787753,118.1690929,0.233937982,27.45673067,0.054355771,1097.161333,2.172037561
13043,GA,Candler,692.4755025,387.7849235,-44.00019609,6.296376637,3.52595857,413.6940591,253.2815271,-38.77564311,3.761538999,2.302978061,132.7973432,231.518158,74.33945024,3.286249521,5.729229349,38.93816389,0.963577429,193.84371,116.1326229,-40.08955828,1.762536006,1.055943107,89.80125569,41.5977663,-53.67796811,0.816523511,0.378230281,176.1109178,1.601299489,193.4189828,1.758674148,31.94170815,0.290431971,0.258717413,0.002352404,0.303520292,0.002759777,0,0,17.69278379,0.160872739
13045,GA,Carroll,27518.00941,24209.04406,-12.02472642,24.89709248,21.90328522,11812.37544,11887.1017,0.632609919,10.68732115,10.7549302,1197.309854,1304.394124,8.943739182,3.055375134,3.328639917,1622.464937,4.140314229,6651.84527,6075.029473,-8.671515555,6.018298941,5.496421212,2203.530013,1914.399255,-13.12125344,1.99365767,1.732064794,16128.43314,14.59230156,6033.706522,5.459034012,2415.941966,2.185838724,208.7877705,0.188902052,101.9142836,0.092207591,4.992297177,0.004516812,1731.210044,1.566323201
13047,GA,Catoosa,25248.86852,22293.55793,-11.70472486,39.48714229,34.86528093,7085.363424,7124.976985,0.559090041,11.08092244,11.14287477,449.3839028,372.6824894,-17.0681266,1.836093576,1.5227068,1061.286241,4.336205274,6222.398064,5426.779828,-12.78636031,9.731315981,8.487034856,3439.510312,3092.135335,-10.09954747,5.379109681,4.835843945,20914.13824,32.70798262,430.4569637,0.673199092,493.2118557,0.771342554,282.7740062,0.44223516,86.13941482,0.134714921,16.22489027,0.025374387,563.824392,0.881774721
13049,GA,Charlton,3617.516195,2206.882987,-38.99452365,29.72242376,18.13230619,1344.63149,1034.318159,-23.07794616,11.04783083,8.498218379,290.9034777,276.77589,-4.856451999,7.407778908,7.048023682,136.7037808,3.481125052,883.3858065,560.6863399,-36.52984508,7.258120175,4.606740119,519.147432,311.0541047,-40.08366689,4.265445995,2.555698831,1614.392099,13.2642519,543.1998218,4.463066484,30.66538832,0.25195455,8.872697294,0.072900315,9.20270146,0.075611712,0,0,31.2156625,0.256475742
13051,GA,Chatham,52408.68003,58615.01194,11.84218322,19.7673124,22.10819375,15553.83777,19787.93947,27.22223135,5.866539094,7.463541939,1026.756799,1105.003743,7.620786475,0.996483627,1.072423516,2024.897923,1.96519529,11765.85323,13106.60502,11.39527884,4.437801074,4.943500881,7858.934455,8514.248181,8.338455167,2.964203877,3.211372688,36500.54914,13.76714234,18275.07221,6.892924252,3069.056912,1.157575553,1148.550322,0.433205969,144.4754254,0.054492707,42.15900578,0.015901378,2504.205787,0.944527092
13053,GA,Chattahoochee,8651.320268,10904.01561,26.03874638,76.78459455,96.77834038,2446.373718,4146.683009,69.50325207,21.7127338,36.80378991,79.14598034,94.29428477,19.13970155,2.946611331,3.510583945,298.0098061,11.09492949,1912.600468,2980.479338,55.83387062,16.97524157,26.45317599,363.6792004,405.7059258,11.55598816,3.227826399,3.600833636,7497.157145,66.54084623,2054.700255,18.23644497,1365.249499,12.11724061,239.3735565,2.124554509,76.04967522,0.674977148,71.22691522,0.632172852,965.5080993,8.569344984
13055,GA,Chattooga,1886.609174,1319.894296,-30.03880644,7.252005281,5.073589452,1001.732809,812.7578997,-18.86480184,3.850596998,3.124189505,200.1824917,277.0079052,38.37768872,2.096590822,2.901213921,120.485475,1.261892281,352.3469853,294.4557591,-16.43017498,1.354399328,1.131869149,294.4339788,178.7934654,-39.27553263,1.131785427,0.687270672,1081.808443,4.158402625,134.4501311,0.516817725,84.0432875,0.323057034,6.038481718,0.023211538,0.098511048,0.00037867,1.14591831,0.004404837,96.35281533,0.370374074
13057,GA,Cherokee,63710.2582,63651.95856,-0.091507461,29.72309173,29.69589288,12793.10913,15227.4888,19.02883533,5.968438474,7.104162803,813.0384298,941.6857046,15.8230251,1.07068904,1.240104436,1719.756517,2.264744676,17347.35754,17331.98809,-0.088598217,8.093156645,8.085986253,5255.144523,5161.753781,-1.777129846,2.451711029,2.408140941,54247.71175,25.3084787,4024.906131,1.877761251,6655.067817,3.104824824,1202.901877,0.561196326,232.8217385,0.108619586,28.35580793,0.013228989,3915.26133,1.826608068
13059,GA,Clarke,42684.10218,40504.55332,-5.106231003,36.5715357,34.70410861,24971.26686,24491.55421,-1.921058527,21.39526266,20.98424714,1601.446644,1333.061482,-16.75892,3.526328101,2.935353596,2372.611415,5.224405284,8896.149717,8149.19928,-8.396333927,7.622178759,6.982195178,3145.289484,2798.64965,-11.02091987,2.694869068,2.397869707,22378.06295,19.17341788,12725.22684,10.90291383,5849.169811,5.01154087,1430.561941,1.225698666,106.9647283,0.09164687,26.12965955,0.022387768,3837.60717,3.288043568
13061,GA,Clay,50.27784636,2355.454017,4584.874529,1.579574186,74.00106872,33.81590589,1801.625517,5227.745833,1.062391011,56.60149283,169.8960499,354.0123809,108.3699892,12.76454169,26.59747415,418.6090993,31.45072121,6.646146641,557.1270495,8282.70775,0.20880134,17.50320608,12.52463082,451.3865461,3503.99083,0.393485103,14.18116702,716.6190925,22.51395201,1595.839184,50.13632372,12.00000032,0.377002838,4.000000181,0.125667615,7.999999822,0.251335213,1.000000006,0.031416902,29.99573574,0.942373099
13063,GA,Clayton,102801.9952,99211.82104,-3.49231954,39.62701801,38.24311592,36997.25766,45856.01009,23.94434883,14.26130877,17.67608629,1868.91826,1994.006778,6.693097335,2.0620726,2.200089126,7564.246577,8.346018092,29704.26232,28481.24305,-4.117319102,11.45008261,10.97864617,7434.089363,7340.119647,-1.264038025,2.865613576,2.829391131,19331.48331,7.451694257,67110.57713,25.86907037,10556.36143,4.069153754,4783.951905,1.844066819,319.5754783,0.123186551,51.78657846,0.019962139,7614.446601,2.935135763
13065,GA,Clinch,499.446991,684.6732668,37.08627323,7.346969565,10.07168677,203.3915206,305.9402396,50.41936788,2.991931754,4.500444832,55.351434,95.45095402,72.44531373,2.152077527,3.711156844,70.88411527,2.75599204,112.7245621,152.8083652,35.55906744,1.658201855,2.247842971,79.90602584,106.6197711,33.43145268,1.175434331,1.568399103,531.7355954,7.82194168,105.2002634,1.54751785,14.16840302,0.208420168,3.406832576,0.050115219,17.73138714,0.260832409,0,0,26.59918752,0.391279605
13067,GA,Cobb,278233.6919,268612.0139,-3.458128264,40.43635923,39.03801806,59477.59211,70371.06951,18.31526296,8.644018863,10.22719365,3009.881462,3657.103456,21.50323866,1.15739743,1.406275362,8292.468243,3.188724061,73959.38624,71804.22606,-2.913977924,10.74869219,10.43547767,24818.78518,23771.18395,-4.221001254,3.606972637,3.454722277,173964.1182,25.28261595,64204.20049,9.330948016,28991.0299,4.213334811,10849.30395,1.576754954,914.0416156,0.132839826,113.8728952,0.016549417,18566.47683,2.698309905
13069,GA,Coffee,6767.573552,6630.008186,-2.032713284,15.97783915,15.6530555,3405.918423,3205.183505,-5.893708913,8.04117108,7.567247864,545.0911189,803.9298875,47.48541293,3.678822426,5.425726446,435.997239,2.942547337,1886.712096,1830.513365,-2.978659613,4.454415185,4.321733319,770.6944816,772.2886386,0.206846818,1.819563891,1.823327601,4434.446649,10.46946513,1484.62719,3.505116607,862.2533572,2.035728957,78.52666241,0.185396785,6.225432652,0.014697877,2,0.004721881,624.1822447,1.473657202
13071,GA,Colquitt,8477.561557,7939.470246,-6.347241565,18.63282245,17.4501522,3722.716643,4012.45966,7.783106941,8.182154475,8.818980307,679.5911956,761.9034346,12.11202256,4.16492735,4.66938429,676.1905936,4.144086496,2198.598773,2017.088085,-8.2557441,4.832297625,4.433355499,1337.58764,1277.362059,-4.502552148,2.939882282,2.807512549,5775.903816,12.69485212,1170.584653,2.572826615,1462.773861,3.215028926,41.15525968,0.090455096,49.80440015,0.109465032,4.846280754,0.010651635,897.1758176,1.971901661
13073,GA,Columbia,20606.22539,21997.97663,6.754032923,16.61082391,17.73272443,2751.09315,3523.776336,28.08640579,2.21767563,2.840541007,406.5075381,460.1211315,13.1888313,0.90540233,1.024814316,372.7944717,0.830314205,5711.370062,6240.314867,9.261259532,4.60397577,5.030361915,1949.5636,1978.556305,1.487138217,1.571556996,1.59492822,16805.38084,13.54693626,3163.097738,2.549795441,972.640103,0.784052061,1067.382552,0.860424619,77.02151977,0.062087591,32.46549492,0.026170665,852.6284482,0.687309818
13075,GA,Cook,2138.174677,2218.613358,3.762025711,12.42258121,12.8899219,936.194317,1028.149359,9.822217488,5.439195428,5.973445032,239.1594183,219.2714093,-8.315795836,3.772825655,3.459085176,140.0632243,2.209547631,654.8204556,669.4649234,2.236409631,3.804441411,3.889524305,267.33583,285.2569583,6.703601337,1.553194457,1.657314422,1288.117078,7.483831504,739.6174397,4.297103415,207.2425778,1.204058667,7.823039596,0.045451078,1.895067,0.01101015,1.449143767,0.00841938,179.7116012,1.044106444
13077,GA,Coweta,32287.39064,32150.41497,-0.424238917,25.35984248,25.25225615,8712.47134,8874.838206,1.863614339,6.843132763,6.970662367,953.4792898,863.0228132,-9.486989133,2.087621329,1.889568921,1086.364766,2.378571073,8874.530646,9008.706193,1.511917099,6.970420797,7.075807781,3651.964513,3349.758979,-8.275149805,2.868402894,2.631038258,24566.26416,19.29535267,5239.646738,4.115433711,2372.608722,1.86354432,512.3253718,0.402401385,93.28581842,0.073270513,16.57951719,0.013022234,1722.31331,1.3527756
13079,GA,Crawford,9.322306478,82.75222602,787.6797413,0.073810819,0.65520369,5.172406575,33.12651484,540.4468474,0.040953338,0.262284361,217.3762712,222.3506556,2.288375088,4.508010601,4.611170793,6.796823368,0.140954446,0.984977873,15.47020637,1470.614608,0.007798716,0.122487778,0.605527226,14.72981204,2332.559829,0.004794356,0.11662559,12.58572415,0.099649439,68.14521651,0.539550408,0.403078901,0.00319144,0,0,0.091840712,0.000727163,0.002378669,1.88335E-05,1.927066835,0.015257853
13081,GA,Crisp,6619.503883,1970.356047,-70.23408277,28.24140912,8.406314463,4455.097999,1361.508853,-69.43930632,19.00720167,5.80873268,808.5538445,337.0700735,-58.31198184,8.905758833,3.71263436,224.5471583,2.47325871,2082.399137,570.9178878,-72.58364751,8.884334388,2.435760433,680.6902192,275.2542061,-59.56248551,2.904092407,1.174342788,781.5579277,3.334433754,1100.374462,4.694630583,103.5723762,0.441880525,1.403235565,0.005986755,0.596886502,0.002546553,0.084369853,0.000359955,86.33916873,0.368356878
13083,GA,Dade,678.306847,909.0098664,34.01160116,4.078078801,5.465098698,231.3220076,380.605883,64.53509416,1.390741343,2.288257578,180.9858071,208.0706143,14.96515533,2.876900447,3.307433067,54.65279056,0.868745677,149.0511459,202.9463929,36.15889481,0.896117032,1.220143046,100.5853416,156.5541155,55.64307182,0.604733612,0.941225969,881.5251673,5.299856714,7.040995786,0.042331484,14.10133306,0.084779252,10.42967531,0.062704715,0.781564862,0.004698881,0.038355764,0.0002306,9.194106184,0.055276295
13085,GA,Dawson,0,121.0228384,,0,0.541974198,0,50.87750207,,0,0.227843717,70.33578816,176.6379191,151.1351955,0.83405417,2.09460357,5.697331172,0.067559957,0,22.91803454,,0,0.102633384,0,9.352680192,,0,0.041883924,112.7346096,0.504857186,0.999999987,0.00447828,2.235395075,0.010010726,2.554737144,0.011440829,1.775468892,0.007951047,0,0,2.958026449,0.013246872
13087,GA,Decatur,4326.083187,3707.053542,-14.30924045,15.53797568,13.31460937,1891.672577,1920.197557,1.507923793,6.794312824,6.896765884,505.7021763,421.0519955,-16.73913713,4.867200927,4.052473489,320.819045,3.087767517,1134.312971,948.126293,-16.41404823,4.07410736,3.405381413,555.4270313,533.1459685,-4.011519346,1.994925046,1.914898242,2277.820131,8.181237452,1236.272419,4.440314702,196.4520897,0.705596185,13.92125415,0.050000913,21.54682978,0.077389662,0.112792753,0.000405117,157.3801235,0.56526156
13089,GA,DeKalb,181654.9482,168085.2148,-7.47005986,26.25477468,24.2935273,58821.61467,63648.76561,8.206423714,8.50154788,9.199220921,4414.430031,4322.85768,-2.074386733,1.624092665,1.590402702,10830.89084,3.984743272,47018.11237,43384.16387,-7.72882686,6.79557567,6.270357392,15456.71544,14840.68633,-3.985511109,2.233974826,2.144939511,32729.22335,4.730387986,125888.22,18.19475265,6055.556979,0.875215818,3764.603591,0.544101991,328.2944605,0.047448733,52.10859544,0.007531308,5322.764968,0.769304642
13091,GA,Dodge,440.3974998,595.885361,35.30625432,2.020542759,2.733920724,251.2435591,322.6163386,28.4078047,1.152704896,1.480163051,338.6225239,483.7651895,42.86267316,4.141158419,5.916169617,68.32418791,0.835565463,128.4558978,162.3394266,26.37755784,0.589355376,0.744812932,55.35068816,87.90666242,58.81765042,0.253948835,0.403315574,406.64716,1.865696275,174.6926418,0.801489456,13.76818042,0.063168381,1.839436463,0.00843933,0.380903051,0.001747582,0.001770781,8.12434E-06,12.32344532,0.05653994
13093,GA,Dooly,4992.811833,249.8455394,-94.99589514,33.46837266,1.674792461,2298.667739,149.8785427,-93.47976482,15.40868574,1.004682549,313.0001384,232.1281989,-25.83766894,5.92130417,4.391377201,24.61927779,0.465744945,788.2983227,37.06525033,-95.2980681,5.284209161,0.248459916,515.5967731,48.5934953,-90.57529103,3.456205745,0.325737333,226.0945226,1.515581999,22.4931895,0.150778854,0,0,1.25782404,0.008431586,0,0,0,0,0,0
13095,GA,Dougherty,39406.19114,36949.56825,-6.234103881,41.67101056,39.07319648,19438.20245,21398.00897,10.08224152,20.55538778,22.62783162,1875.41273,1982.002049,5.683512642,5.136991152,5.428952693,3819.820167,10.46296748,10427.70689,9868.597884,-5.361763751,11.02702574,10.43578267,4593.47908,4299.147121,-6.40760422,4.857483297,4.546234992,8731.520986,9.233353763,27214.4474,28.77856226,661.4175054,0.699431614,227.2780111,0.240340518,80.13062916,0.084736033,34.21756425,0.036184174,661.973673,0.700019746
13097,GA,Douglas,42129.39766,42655.09809,1.247823283,31.81906578,32.21611149,13320.37758,18374.6533,37.94393728,10.06048019,13.87782248,723.9740113,1058.913284,46.26399115,1.552792577,2.271176398,2673.241562,5.73361694,11943.77443,12044.64229,0.844522519,9.020773268,9.096955729,3787.336699,3842.290203,1.450980164,2.860461393,2.901966121,21721.91782,16.40591061,16853.54632,12.72897617,4860.170766,3.670740667,487.8580881,0.368464527,125.1767212,0.094542209,77.90255937,0.058837458,3388.696574,2.559380508
13099,GA,Early,1069.77083,1113.638159,4.100628651,9.71812164,10.11662572,609.9466311,596.694197,-2.172720276,5.5409396,5.420550482,280.0657289,378.4220425,35.11901078,6.624071167,8.950379435,106.2330887,2.512608532,298.9442962,292.5195827,-2.149133991,2.715700365,2.657336326,161.0077211,183.5631522,14.00891271,1.462642815,1.667543171,523.1486202,4.752440227,554.9666609,5.041484929,33.26253667,0.302166939,1.259134222,0.011438356,4.478883141,0.040687529,0,0,29.78486014,0.270574674
13101,GA,Echols,194.3037528,194.3037528,0,4.816652276,4.816652276,108.8148185,102.9687804,-5.372465098,2.697442204,2.552523063,139.9359359,56.37487499,-59.71379716,10.52941579,4.241901805,15.01542348,1.129828704,52.03721608,52.03721608,0,1.289965694,1.289965694,25.0963193,25.0963193,0,0.622119963,0.622119963,165.2538447,4.096525649,5.725200067,0.141923651,10.53662166,0.261195381,0,0,15.54203994,0.385276151,0,0,7.782667493,0.192926809
13103,GA,Effingham,6348.947984,6971.911596,9.81207617,12.15109662,13.34337148,2092.668359,2427.434987,15.99711806,4.005106908,4.645808588,391.1769592,459.8593853,17.55789151,2.162154318,2.541783027,196.6853069,1.087139658,1781.223709,1874.830358,5.255187694,3.409040591,3.588192073,652.1758745,773.7627197,18.64326019,1.248183492,1.480885588,4858.438936,9.298447725,1812.742531,3.469363695,224.3623499,0.429401627,42.41582531,0.081178613,30.09715576,0.057602212,2.85099595,0.005456452,225.3661225,0.431322722
13105,GA,Elbert,2948.322742,4666.533972,58.2775829,14.62026551,23.14060286,1636.91579,2888.259197,76.44519124,8.117206141,14.3224199,542.6547501,533.7709805,-1.63709422,6.730184176,6.620004719,437.0633751,5.420604926,682.6378456,1144.566105,67.66812924,3.385092956,5.675722033,531.8700938,767.2534813,44.25580424,2.637459555,3.804688492,2397.991736,11.89126121,1966.256637,9.750355237,361.6336046,1.793283768,38.65799882,0.191698893,14.84279401,0.073603065,0.337891825,0.001675552,248.4469471,1.23200906
13107,GA,Emanuel,6645.308093,5925.422515,-10.83299026,29.40662047,26.22100414,3506.08218,3229.878063,-7.877856324,15.51501097,14.2927607,427.3313407,510.4790886,19.45744202,5.069173674,6.055505202,558.2693016,6.622411645,1633.159412,1449.555702,-11.24224061,7.227008639,6.414530939,1017.751733,928.5363352,-8.765929359,4.503724813,4.108931477,4035.654962,17.85846076,1660.894113,7.349739414,198.3133344,0.877570291,33.37567723,0.147693058,11.58735994,0.051276042,1.725091815,0.007633825,182.1853074,0.806201024
13109,GA,Evans,610.750598,868.1871673,42.15085015,5.552278163,7.892610612,210.592446,294.1868679,39.69488151,1.914476782,2.674426072,143.429371,139.5259981,-2.721459967,3.556394024,3.459608185,58.46575175,1.449683902,184.8150273,243.8552933,31.9455982,1.680136612,2.216866303,61.14104352,103.248237,68.86894797,0.555827668,0.938620336,474.5064861,4.313695328,306.3960357,2.785418506,103.5667356,0.941515778,3.764864066,0.034226037,0,0,2.535611153,0.02305101,80.98417139,0.73621974
13111,GA,Fannin,28.4262718,262.3977101,823.0816898,0.12003324,1.108004856,9.066940094,116.7088887,1187.191571,0.038286209,0.492816859,305.968327,357.7231709,16.91509848,3.003517493,3.511565435,13.70071409,0.134492138,4.152592276,45.45241933,994.5553117,0.017534804,0.191928128,8.301068449,59.57002012,617.6187076,0.035052227,0.25154134,258.3608537,1.090958761,0.037016856,0.000156308,1.055681942,0.00445774,0.293396375,0.0012389,2.087672293,0.008815439,0,0,1.618770148,0.006835445
13113,GA,Fayette,42924.92067,35537.30258,-17.21055735,40.27974952,33.34738013,7246.438081,6935.946744,-4.284744217,6.799889348,6.508531482,597.4643403,433.8377873,-27.38683164,1.56539508,1.136682965,756.9220115,1.983184456,11223.58764,9328.62084,-16.88378849,10.5319542,8.753761333,5457.259192,4406.556695,-19.25330023,5.120965394,4.135010552,23809.38053,22.34217021,8532.405903,8.006611712,2821.470204,2.647602169,1104.12378,1.036084135,108.8272162,0.102120934,24.99049352,0.023450499,1957.574847,1.836942813
13115,GA,Floyd,22005.79841,19666.05335,-10.63240249,22.84726311,20.41805014,9557.077213,8742.702163,-8.521172655,9.922523763,9.077008381,1689.061249,1150.588615,-31.87999454,4.700977593,3.202306193,1326.070665,3.690705998,5093.608905,4515.491605,-11.34985646,5.288379938,4.688156406,3295.144748,2909.62035,-11.69977127,3.421145538,3.020879335,15108.32363,15.6860405,2800.213974,2.907289444,1741.627987,1.808224911,440.5538845,0.457399924,69.17840348,0.071823669,21.51010253,0.022332613,1226.273404,1.273164036
13117,GA,Forsyth,51465.55476,46512.36256,-9.624286047,29.3232645,26.50110965,6382.448945,6644.680583,4.108636677,3.636495117,3.785905489,884.0753818,880.2311697,-0.434828543,1.487515996,1.481047852,703.9565726,1.184454045,15685.68919,14425.96286,-8.031054983,8.937154473,8.219406684,4313.661968,3914.029952,-9.264333146,2.457772999,2.23007672,40524.46439,23.0894157,989.9606154,0.564044769,3609.338964,2.056474502,2803.075633,1.59709399,135.3368187,0.077110163,19.11704833,0.010892222,2040.40818,1.162552877
13119,GA,Franklin,714.8557875,197.7498354,-72.33710088,3.236985091,0.89544392,310.5430302,104.5048035,-66.34772209,1.406190138,0.473215013,417.1501561,384.5608687,-7.812363707,4.88466225,4.503054669,16.85484569,0.197363533,87.90446972,49.2405785,-43.98398778,0.39804596,0.222969473,55.01993563,34.26070064,-37.73038763,0.249139357,0.155138112,153.2185694,0.693798992,30.69682205,0.139000281,7.920362517,0.03586471,2.45736564,0.011127358,0.196962209,0.000891877,0.333903372,0.00151197,10.8462165,0.04911346
13121,GA,Fulton,199453.6029,215972.9532,8.282302232,21.66605686,23.46050518,59245.4707,74173.22172,25.19644262,6.435660816,8.057218401,8673.064371,10719.46855,23.59493818,2.304355572,2.848066845,13248.67276,3.520053766,53239.39908,58074.24474,9.081330252,5.783238964,6.308433993,19566.73574,20892.96034,6.777955319,2.125476817,2.269540686,84748.68935,9.20600027,112889.3378,12.26283595,11114.98314,1.20738785,9223.008569,1.00186823,438.7018489,0.047654888,63.38939006,0.006885803,8609.826009,0.935260016
13123,GA,Gilmer,1058.267609,1758.349121,66.15354255,3.740518905,6.21500467,636.01849,931.4454012,46.4494218,2.24805065,3.292257179,380.3397435,541.6258573,42.40580075,3.361673533,4.787218113,119.178292,1.05337009,252.8392596,391.0149682,54.64962553,0.893677575,1.382069024,199.9135727,324.6890339,62.41470224,0.706608132,1.147635494,1553.959818,5.492576765,17.48274314,0.061793946,310.2725707,1.096679523,0.143150477,0.000505975,3.784391557,0.01337619,0,0,182.9790241,0.646751817
13125,GA,Glascock,2165.352081,2147.109952,-0.842455598,70.25801692,69.66612432,899.9044807,853.399815,-5.167733541,29.19871774,27.68980581,36.04282249,35.81475271,-0.632774478,3.101791952,3.082164605,111.0824311,9.559589596,556.1611105,550.1785001,-1.075697365,18.04546108,17.85134653,372.21749,370.8154167,-0.376681217,12.07714114,12.03164882,1916.714492,62.19060649,190.7881312,6.190400104,22.20945114,0.720618142,0.999999993,0.032446463,6.138235456,0.199164032,0,0,32.46909241,1.053507216
13127,GA,Glynn,21864.23823,21075.6584,-3.606710722,27.45866705,26.46831236,7011.577114,8311.301628,18.53683548,8.805637749,10.43792433,764.1123632,844.3101609,10.49555034,2.404835284,2.657235982,1276.491655,4.017409376,4970.283711,4619.96881,-7.048187223,6.242036158,5.802085763,3567.579988,3514.140493,-1.497920009,4.480420952,4.413307831,14538.67083,18.25869795,5004.118823,6.2845287,1671.825188,2.099597101,183.7153091,0.230722765,50.89336531,0.063915512,12.91254241,0.01621649,1285.347559,1.614230978
13129,GA,Gordon,7100.223982,8191.950583,15.37594595,12.86598772,14.84425503,3170.9999,4852.912254,53.04044172,5.746022361,8.793738002,816.0167874,578.4953098,-29.1074254,4.139065622,2.934290184,579.2367115,2.938050781,1978.858677,2341.506717,18.32612126,3.585798349,4.242936102,851.9344977,929.023727,9.048727277,1.543751128,1.683440958,6053.127382,10.96859236,607.6655759,1.101122705,2122.747492,3.846532621,75.9414102,0.13760992,58.32196669,0.10568254,21.11619861,0.038263688,1375.778037,2.492983795
13131,GA,Grady,2633.977074,2708.214853,2.818467172,10.53127453,10.82809505,1343.680683,1664.333277,23.8637496,5.372358895,6.654405169,322.0949359,512.0723059,58.98179347,3.419992949,5.437166127,288.1266718,3.059319089,636.3980045,656.5704559,3.169785466,2.54447245,2.625126768,421.036274,428.678436,1.815084005,1.683404398,1.713959602,1390.835686,5.560895948,1096.98002,4.385990246,292.5295948,1.169603753,11.89691469,0.047566729,7.469403819,0.029864475,0.223119523,0.000892086,200.8097011,0.802885535
13133,GA,Greene,603.9839136,600.7639176,-0.533126134,3.776315579,3.756183053,272.4352331,269.3223489,-1.142614419,1.703358967,1.683896141,207.0286221,281.1132108,35.78470839,3.175772696,4.312213695,35.08713244,0.538228754,130.0482753,127.4529297,-1.995678592,0.813106636,0.796879641,93.29641425,99.54398194,6.696471395,0.583321335,0.622383281,330.9131421,2.068983007,244.2963592,1.527425029,35.81312544,0.223916003,0.999999988,0.006252345,2.889895243,0.018068621,0,0,21.66452064,0.135454049
13135,GA,Gwinnett,260733.2014,238353.7486,-8.583276932,32.37630726,29.59735914,61811.58684,69800.5415,12.92468786,7.675397369,8.66741852,1991.377759,2133.078485,7.115712982,0.741615215,0.794386425,7171.760835,2.670857867,76046.70967,68657.44449,-9.716745417,9.44303075,8.525475492,18702.75914,17678.33255,-5.47740887,2.322398042,2.195190806,137600.8403,17.08645873,53571.99039,6.652253001,36784.97915,4.567741205,23992.98867,2.979307465,914.8655953,0.1136026,128.1173804,0.015908859,22144.94619,2.749828477
13137,GA,Habersham,9084.295771,7764.314229,-14.5303673,21.10614477,18.03934441,4670.085427,4194.182199,-10.19046087,10.85031813,9.744620707,450.6872189,488.1414228,8.310465075,2.912921528,3.154998855,395.9364398,2.559051447,2182.459482,1799.463364,-17.54883062,5.07065236,4.180812166,1114.770111,897.386281,-19.50032814,2.590019076,2.084956857,5865.363036,13.6273856,517.4981728,1.202337708,1612.803916,3.747133933,323.9134201,0.752569457,59.46229993,0.138152691,14.47861304,0.033639119,983.5987055,2.285259881
13139,GA,Hall,51370.45591,48466.85219,-5.652283337,28.58933233,26.97338226,17792.75887,17994.37131,1.133115133,9.902249988,10.01445388,1747.175201,1490.843683,-14.67119712,2.878804437,2.456449363,2157.023954,3.554108442,13973.63929,13134.85466,-6.002621117,7.776785515,7.309974546,5488.373833,5288.503468,-3.641704646,3.054458846,2.943224477,36926.24684,20.5506594,3394.745387,1.889286407,11701.76862,6.512415474,893.1497561,0.497066938,185.2067457,0.103073588,41.4862916,0.023088473,7026.017168,3.910207458
13141,GA,Hancock,2302.766532,2161.807505,-6.121290426,24.42217131,22.92721927,1693.765173,1337.115933,-21.0565931,17.96335956,14.18088803,429.2937664,252.9895883,-41.06842257,12.84925969,7.572271425,118.7379148,3.553963327,271.9124146,264.5262778,-2.716366166,2.883788468,2.805454214,225.2663164,185.3018086,-17.74100473,2.38907961,1.965232883,515.5977779,5.468212726,1615.485999,17.13316363,72.65317047,0.770528905,6.32992798,0.067132548,11.37938685,0.120684981,0,0,13.01439177,0.138025154
13143,GA,Haralson,1098.936334,1492.031718,35.77053302,3.818402828,5.184265872,518.1585901,486.149609,-6.177448701,1.800412057,1.689192526,312.9866363,405.6721299,29.61324312,2.909608965,3.771238541,103.431783,0.961530009,305.5602041,419.0446379,37.13979513,1.06171023,1.456027234,131.0520815,181.879096,38.78382849,0.455358171,0.631963502,1410.385436,4.90057483,56.77512628,0.19727285,28.90175416,0.100423051,6.475768769,0.022500934,3.129415617,0.010873578,0,0,15.26596744,0.053043667
13145,GA,Harris,209.1247264,198.0547018,-5.29350347,0.653025001,0.6184571,61.24214314,56.32309097,-8.032135917,0.191238269,0.175877751,328.7206706,210.6291709,-35.92457376,2.780349071,1.781520518,6.873795304,0.05813918,57.06223449,58.45762966,2.445391749,0.178185843,0.182543185,30.67056447,24.0842725,-21.47430958,0.095773684,0.075206946,63.54731963,0.198436546,128.0108466,0.399734095,2.517964296,0.007862741,3.056875295,0.009545576,2.640245042,0.008244582,0,0,0.799419358,0.002496313
13147,GA,Hart,832.0920095,3072.142407,269.2070554,3.300249909,12.18475551,484.4471102,1691.839461,249.2309946,1.92141796,6.71018705,511.03334,404.6449504,-20.81828743,5.049237625,3.998072823,227.6463283,2.24924739,193.4005777,737.4784539,281.3217431,0.767066901,2.924992876,146.770744,608.9758558,314.9163786,0.582123286,2.415324855,1896.241987,7.520889964,1043.527029,4.138845155,80.03424352,0.31743245,31.61184173,0.125379137,6.710314597,0.026614503,0,0,94.05124304,0.373026784
13149,GA,Heard,420.8592547,757.3301818,79.94856317,3.556356724,6.399612826,175.87959,313.1358539,78.03990444,1.486222663,2.646069409,139.3925491,187.7174119,34.66818213,3.16801248,4.266304816,63.63788298,1.446315522,111.6688974,199.667111,78.80279619,0.943627661,1.687232643,62.47857067,115.4646381,84.80678547,0.527958177,0.975702536,723.1383339,6.11068391,10.8328917,0.091540406,8.475155211,0.071616995,5.878591056,0.049675436,0.079564858,0.000672341,0,0,17.40079936,0.147040725
13151,GA,Henry,70655.57932,67872.69636,-3.938659886,34.6483358,33.28365569,15401.73533,19423.25559,26.11082564,7.552758079,9.524845572,716.4227538,1017.485883,42.02311104,1.019746287,1.448275401,2633.384947,3.748323888,19920.86095,19140.28374,-3.918390915,9.76886307,9.386080827,6548.801203,6311.969126,-3.616418775,3.211424566,3.095286005,37196.58678,18.24059532,25390.94478,12.45130235,3533.153126,1.732600272,1918.295377,0.940700551,179.2029154,0.087878167,39.97032874,0.019600793,3147.696291,1.54357857
13153,GA,Houston,50674.09806,51794.90488,2.211794303,36.22165694,37.02280549,13164.30857,16331.1691,24.05641363,9.409798838,11.67345897,763.2678872,867.9799545,13.71891429,1.438743638,1.636123644,2123.760009,4.00324218,13887.52505,14027.94306,1.011108967,9.926751286,10.02712156,4918.508066,5255.583329,6.853201395,3.515731284,3.756671429,35235.74801,25.18638171,12628.31003,9.026669074,3104.100411,2.218799436,1035.315623,0.740039759,165.8183333,0.118526328,39.68934252,0.028369795,2690.023533,1.922818823
13155,GA,Irwin,677.9278068,710.0566139,4.739266731,7.107651571,7.444502137,253.9447512,322.1969563,26.87679298,2.662452833,3.378034769,201.8984607,61.29573678,-69.64031496,5.776779992,1.753812211,36.88903162,1.055480161,123.4641078,132.6856868,7.469036295,1.294444409,1.391126932,96.17961635,98.08517283,1.981247742,1.00838348,1.028362055,578.0097231,6.060072585,113.071454,1.185483896,29.81328057,0.312573711,9.000000209,0.094359407,0,0,0,0,9.975434057,0.104586224
13157,GA,Jackson,584.4461149,2606.89005,346.0445511,0.966266206,4.309977763,278.6979507,1013.427085,263.6291845,0.460772011,1.675501505,538.5425513,841.4831903,56.25194116,2.52327485,3.942665934,198.9145183,0.931989497,159.3482394,686.0777118,330.5524268,0.263450838,1.134293977,56.36876836,337.2910182,498.3650663,0.093194624,0.557644074,2083.007687,3.443841758,276.8867269,0.45777751,261.123488,0.431716108,18.79877544,0.031080062,14.20030908,0.023477406,0.701162607,0.001159234,213.2953843,0.352641786
13159,GA,Jasper,916.4318922,3165.399669,245.4047918,6.593035196,22.77265949,409.7636331,1426.276839,248.0730654,2.947939807,10.26098445,206.6936606,211.9344017,2.535511294,4.097812463,4.201712961,239.5694,4.749591593,243.2497658,780.9533609,221.049995,1.749998315,5.618369503,105.78703,392.5599966,271.0851854,0.76105777,2.824172637,2419.09607,17.40356885,531.8437747,3.826214206,185.4866381,1.334436245,7.734980406,0.055647341,17.48774411,0.125811109,0,0,189.2370955,1.361417953
13161,GA,Jeff Davis,1909.842637,1843.841428,-3.455845422,12.67482504,12.23680268,889.5887574,866.7502191,-2.567314171,5.903827697,5.752257892,161.537337,256.9581376,59.07043065,2.839468044,4.516754045,126.3947939,2.221740093,523.2825758,503.8935338,-3.705271855,3.472807113,3.344130169,247.9110803,247.4843136,-0.172145083,1.645281924,1.642449652,1338.645166,8.88402685,395.9564397,2.627796919,108.762419,0.721810585,4.151255775,0.027550145,1.228250212,0.008151382,0,0,103.8603218,0.689277421
13163,GA,Jefferson,336.1349477,616.6632528,83.45704811,1.985439739,3.642429136,165.7753487,427.4495279,157.8486676,0.979181032,2.524805244,284.5392939,379.6526857,33.42715536,4.559193941,6.083202783,77.79976806,1.246591381,92.76990704,163.2327031,75.95436744,0.547961648,0.964162452,42.92947962,77.88539891,81.42637554,0.253570464,0.460043703,123.9428735,0.732090216,483.0195732,2.853039416,5.485072938,0.032398541,7.91852748,0.046772165,0,0,0,0,1.782274196,0.010527314
13165,GA,Jenkins,1033.717882,340.9707457,-67.01510618,12.39469882,4.088378246,583.0080383,207.5335787,-64.40296444,6.990504056,2.488412214,103.2262252,189.217398,83.30361069,3.233904299,5.927863346,25.9202213,0.812037008,258.1940078,75.112573,-70.90847551,3.095851412,0.900630372,149.2024423,65.54237041,-56.07151638,1.788998109,0.785879741,264.9300179,3.17661892,62.33722355,0.747448724,9.847336024,0.118073573,2.050024105,0.024580625,0.008337365,9.99684E-05,0,0,11.64514248,0.139630006
13167,GA,Johnson,2189.200496,885.7498464,-59.5400308,21.93587671,8.875248962,758.0004418,309.6136499,-59.15389585,7.595194808,3.102341182,198.2447135,227.5988222,14.80700704,5.923056872,6.80008432,67.18628035,2.007358242,508.2583615,221.3923467,-56.44098287,5.092769153,2.218360188,393.8457201,139.9986253,-64.45343491,3.946349901,1.402791836,826.0622106,8.277176458,37.47921989,0.375543286,36.68884315,0.367623679,2.000000009,0.02004008,2.000000006,0.02004008,0,0,18.2084159,0.182449057
13169,GA,Jones,1942.311283,2131.353364,9.732841635,6.774953024,7.434348473,949.1164953,1019.288432,7.393395543,3.310602028,3.555367931,276.7267148,319.4306953,15.43182434,2.614081946,3.01748248,213.5037031,2.016849642,484.0581655,535.0195575,10.52794801,1.688437565,1.866195394,209.2154001,283.8817687,35.68875356,0.729761764,0.990204641,1054.871533,3.679484925,1022.019558,3.56489434,27.25838594,0.095079654,1.268876736,0.004425954,4.391190723,0.01531686,0,0,48.8022129,0.170226422
13171,GA,Lamar,1016.100615,1163.955438,14.55119905,5.547309138,6.354509133,374.6519927,545.3955519,45.57390925,2.04537857,2.977537544,111.5391812,182.6054206,63.71414827,1.685391074,2.759223641,80.24433797,1.21251644,228.2375792,285.0467764,24.89037841,1.246042361,1.556187019,210.8682043,212.6480994,0.844079432,1.151215834,1.16093301,737.2322275,4.024852473,401.2928581,2.190821958,20.09710379,0.109718315,3.652294685,0.019939372,5.910494205,0.032267807,0.013595149,7.42215E-05,15.85396079,0.086553261
13173,GA,Lanier,498.6930314,399.3145321,-19.92778984,4.948333314,3.962239851,245.4276497,247.3259609,0.773470798,2.435281303,2.454117493,43.48442724,162.234897,273.0873494,1.205222484,4.496532621,32.15547048,0.891227009,140.117019,112.9569163,-19.38387132,1.39032565,1.120826715,32.76731955,24.22953841,-26.05578136,0.325137126,0.240420107,319.9369044,3.174607108,50.31533329,0.499259112,30.08083155,0.29848017,3.043098235,0.030195458,0.401619834,0.003985114,0,0,25.61757805,0.254193074
13175,GA,Laurens,4790.953479,4789.905573,-0.021872591,9.891715487,9.889551912,2344.636931,2660.111396,13.4551521,4.840890554,5.492239741,563.292405,750.4710454,33.22939182,3.021792849,4.025916235,404.5186307,2.170047909,1280.684616,1304.580416,1.865861398,2.64418511,2.693521939,751.4588682,738.8087966,-1.683401732,1.551511063,1.525392899,2223.81521,4.591434138,2395.175445,4.945235671,84.30406218,0.174059673,56.66268838,0.116989488,11.74483471,0.024249153,1.999999981,0.004129331,100.5073992,0.207514141
13177,GA,Lee,5407.256965,4297.961588,-20.51493733,19.10826548,15.18821679,1073.289662,1059.687417,-1.267341479,3.792811018,3.744743151,155.3899508,156.5451716,0.743433387,1.600967967,1.612870097,144.2297602,1.485985578,1566.479168,1231.525781,-21.38256249,5.535653291,4.351988767,404.1548223,337.0664678,-16.59966695,1.428209846,1.191131768,3455.466728,12.21099275,615.49248,2.175038801,73.98646897,0.261454763,132.9653849,0.469875556,8.063027889,0.028493278,1.381467815,0.004881857,84.59252084,0.298934627
13179,GA,Liberty,24802.39757,27023.63251,8.955726714,39.08782495,42.58842373,11294.38815,13710.09883,21.38859279,17.79961254,21.60669919,800.7887334,784.0948524,-2.084679801,3.614483112,3.539132712,1185.093282,5.349100798,7988.69027,8537.958096,6.875567933,12.58993313,13.45556254,893.5182354,1064.577509,19.14446368,1.40815759,1.677741808,12739.67372,20.07733869,11090.97543,17.47904029,3072.022443,4.841414028,575.5655471,0.907073814,184.8254499,0.291279293,177.2977641,0.279415889,2255.294646,3.554275835
13181,GA,Lincoln,446.8071073,358.5309072,-19.75711635,5.587882783,4.48387828,281.5132011,223.7593833,-20.51549182,3.520675351,2.798391487,165.0591771,206.0514649,24.83490379,5.030758216,6.280142179,29.26894195,0.892073817,63.81710612,46.9294673,-26.46255815,0.798112883,0.586911797,124.4117712,105.4772549,-15.21923211,1.555925102,1.319125249,279.7631361,3.498788596,67.65548557,0.846116628,2.000000045,0.025012507,3.489405434,0.043639388,3.08890373,0.038630612,0,0,4.53397628,0.056703055
13183,GA,Long,1517.578891,1522.473137,0.322503585,10.49211069,10.52594813,721.9532859,655.1487503,-9.253304463,4.991380572,4.529512931,258.1060178,267.5611839,3.663287728,5.138483333,5.326720763,89.67958894,1.785379035,434.8535742,436.0100765,0.265952104,3.006454468,3.014450197,121.0207828,121.0331846,0.010247719,0.836703421,0.836789164,1015.481288,7.020750053,399.7814411,2.763975671,75.53844459,0.522251414,5.146443472,0.035581053,14.19797414,0.098160773,2.836442271,0.019610359,85.02954926,0.587870224
13185,GA,Lowndes,22947.08173,26897.59974,17.21577524,21.0074627,24.62406026,9752.940654,12094.32486,24.00695636,8.928566142,11.07204312,1077.312897,1111.830118,3.204010744,2.710425685,2.797268015,1579.878631,3.974837423,5162.46778,7089.752758,37.33262966,4.726106378,6.49048617,2255.928989,2121.477202,-5.959929958,2.065244925,1.942157774,14000.30301,12.81691706,11195.0955,10.24882179,1219.05701,1.116015316,462.896458,0.423769793,120.4960061,0.110310992,36.74721135,0.033641126,1082.061487,0.990599441
13187,GA,Lumpkin,369.6511925,352.5310337,-4.631436115,1.233568686,1.176436741,171.3036836,168.8581657,-1.4275921,0.57166016,0.563499185,239.0193757,278.5671361,16.54583872,2.175078494,2.534963473,25.1968732,0.229291775,76.19572558,75.23584879,-1.259751498,0.254273929,0.251070709,48.95505934,43.76657296,-10.59846817,0.163368682,0.146054105,307.9334881,1.027609585,3.870321147,0.012915708,84.30635648,0.28134004,1.159244266,0.003868532,1.590250868,0.005306851,0.097241938,0.000324508,37.88048445,0.126411548
13189,GA,McDuffie,2063.005576,1924.410157,-6.718131116,9.430882634,8.797303574,966.4180575,973.0867477,0.690041968,4.41791112,4.448396561,493.2394181,447.7748106,-9.217553554,5.950529836,5.402036562,169.8547395,2.049158396,636.1118131,568.4919238,-10.63018921,2.907939717,2.598820223,228.8050517,225.4324255,-1.474017362,1.045965951,1.030548231,689.243576,3.150827776,1180.184575,5.395129485,31.11354748,0.14223336,11.10241723,0.050753907,1.811501687,0.008281151,0,0,42.06807179,0.192311185
13191,GA,McIntosh,1258.69006,1211.654358,-3.736877229,8.781762784,8.45359909,522.3389052,495.9443477,-5.053147917,3.644309671,3.460157313,241.5112756,207.8887951,-13.92170216,4.044737491,3.481641184,108.6186785,1.819103643,239.7718057,232.2003509,-3.157775278,1.672865456,1.620040124,239.8593605,227.2870811,-5.24152125,1.673476317,1.5857607,929.2781904,6.483486991,242.5507852,1.692254135,22.23503303,0.155131745,10.00320862,0.069791451,3.04756734,0.021262592,0,0,26.77461029,0.186803951
13193,GA,Macon,2569.963102,2530.803622,-1.523737039,17.4352992,17.16963109,1320.612621,1323.378437,0.209434319,8.959380061,8.978144077,402.3788124,444.5553121,10.48178939,8.049186086,8.892884819,123.7054309,2.47460354,282.5963279,277.2300319,-1.898926304,1.917207109,1.880800759,183.4975699,178.9440918,-2.48149235,1.244895318,1.214003336,598.3243021,4.059187938,1853.565295,12.57506984,101.1743274,0.686392995,44.4758207,0.301735554,8.860398991,0.060111255,0.791794647,0.005371741,24.78601746,0.1681548
13195,GA,Madison,799.8844848,814.2552461,1.79660457,2.84453942,2.895644545,383.1679249,367.2077343,-4.165325322,1.362617087,1.305859653,421.5172767,363.9034028,-13.66821174,4.011393954,3.463108135,51.35382256,0.488711673,176.0881924,181.7953681,3.241089378,0.626202676,0.646498464,125.7755753,121.5064671,-3.39422679,0.447281562,0.432099812,645.1071765,2.294122249,134.5319284,0.478420798,45.90331106,0.163240793,2.425087197,0.008624065,2,0.007112376,0,0,30.19105423,0.107365058
13197,GA,Marion,8092.881601,4.887431071,-99.93960827,92.57471518,0.05590747,3645.155814,2.518694101,-99.93090298,41.6970466,0.028811417,453.0678272,197.5394067,-56.3995952,13.24759729,5.776006044,0.3335644,0.009753345,1975.497042,1.137429806,-99.94242311,22.59776987,0.013011094,1099.278111,0.407853724,-99.96289804,12.57467526,0.004665451,4.887431071,0.05590747,0,0,0,0,0,0,0,0,0,0,0,0
13199,GA,Meriwether,321.3537148,980.7551355,205.194896,1.46123006,4.459599561,174.2903986,496.4032538,184.8138841,0.792517273,2.257199226,453.609412,510.8682501,12.62293872,5.322804647,5.994699015,110.8618047,1.300889518,83.96954293,241.1308324,187.1646361,0.381818584,1.096447946,56.85223085,135.898209,139.0376015,0.258513236,0.617943839,574.8216743,2.613776256,372.1633811,1.692267102,25.46212166,0.115779018,4.108922032,0.018683712,4.214169089,0.019162282,0,0,25.44698813,0.115710204
13201,GA,Miller,224.0023482,191.031015,-14.71919086,3.657181194,3.118873714,120.141681,89.86743473,-25.198787,1.961496833,1.467223424,76.37504308,122.1607134,59.94847065,3.14818809,5.035478704,16.87149594,0.69544501,42.80925734,37.00092665,-13.56793146,0.69892665,0.604096762,45.33742112,39.02633234,-13.92026414,0.740202794,0.63716461,121.7551352,1.987838943,64.61473605,1.054934466,0.433858855,0.00708341,3.00000003,0.048979592,0.089342917,0.00145866,0,0,1.571801492,0.025662065
13205,GA,Mitchell,4795.013106,2991.66038,-37.60892173,20.40604778,12.73155324,2250.08653,1902.836555,-15.4327387,9.575651246,8.097866011,456.417317,480.4170702,5.25829155,5.666260918,5.964209437,162.8804208,2.0221033,916.0272699,376.9758516,-58.84665621,3.898320155,1.604289095,386.6161724,212.187169,-45.1168409,1.645315228,0.903000974,1173.552743,4.994266501,1766.899787,7.519362442,149.0464899,0.634294365,9.006261469,0.038327779,0.257191421,0.001094525,0,0,41.94438734,0.178501946
13207,GA,Monroe,2826.472637,2302.015911,-18.55516729,10.69661155,8.711837385,1096.421774,1208.19408,10.19428,4.149340654,4.572336059,447.8841462,491.5688652,9.753575659,4.635522109,5.087651265,155.9146343,1.613689033,592.635835,432.5849514,-27.00661589,2.242793805,1.637091097,322.5119619,249.4942565,-22.64030921,1.22052665,0.944195642,920.3395447,3.482968304,1328.101551,5.026118493,42.1021048,0.159332822,12.78139418,0.048370399,9.708093097,0.03673968,0.999999959,0.003784438,30.0853309,0.113856081
13209,GA,Montgomery,1075.37008,1222.66626,13.69725484,11.78746114,13.40201973,537.4728933,678.9103366,26.31527006,5.891405166,7.441744345,153.1199384,120.2751644,-21.45035737,4.658349207,3.659116655,111.0541572,3.378587078,232.4673165,271.3341801,16.71928088,2.548145527,2.974177135,187.9217695,212.9441653,13.31532581,2.05986813,2.334146282,853.4883594,9.355347576,322.2194806,3.531946515,40.16170795,0.440224794,3.000000086,0.032883921,0,0,0,0,43.9584203,0.481841722
13211,GA,Morgan,3568.733586,3025.574714,-15.21993334,19.97276464,16.93292318,1365.751369,1242.029088,-9.058916902,7.643560383,6.9511366,225.2420779,180.6612535,-19.79240504,3.382013181,2.712631434,216.2658604,3.24723514,873.1054915,752.1662514,-13.85161831,4.886419809,4.209571588,716.0723916,556.5469773,-22.27783337,4.007568791,3.114769293,1532.518486,8.576888775,1416.457476,7.927342041,60.45837695,0.338361187,10.75303644,0.060180414,2.473254705,0.013841811,0,0,63.37247699,0.354670232
13213,GA,Murray,5667.228506,5366.603468,-5.304621798,14.30107123,13.54245349,2434.984429,2698.760611,10.83276668,6.144605908,6.810236729,443.0690008,430.9160095,-2.742911677,3.146796881,3.060483022,349.5823349,2.482829083,1537.475289,1455.298271,-5.344932613,3.879770083,3.672398987,619.4131211,577.7222366,-6.730707358,1.563069348,1.457863724,4570.966044,11.53468771,33.56313349,0.084695502,1025.174199,2.586994546,16.40134271,0.041388268,26.72438545,0.067438138,6.960675225,0.017565043,711.9878995,1.796678862
13215,GA,Muscogee,62464.41575,54150.99121,-13.30905674,32.89591898,28.51778245,24209.6186,22451.44619,-7.26228878,12.7496214,11.82370708,1938.767353,1779.725249,-8.203258857,2.617091229,2.402404461,3672.092995,4.956862076,16538.54068,14593.34784,-11.76157486,8.709766794,7.685361053,6753.057243,5635.56762,-16.54790686,3.556393208,2.967884572,22438.26468,11.81676524,27229.0418,14.33975395,3547.042345,1.86799502,1120.182612,0.589926857,235.1414255,0.123833597,136.6376612,0.071958112,2991.72318,1.575544767
13217,GA,Newton,25556.61962,25321.75526,-0.91899616,25.56735791,25.33239487,9264.105623,11095.8906,19.77292843,9.267998182,11.10055283,618.6551489,784.8360061,26.86163002,1.798939078,2.282163437,1788.598528,5.200926221,7521.286639,7462.241499,-0.785040417,7.524446906,7.465376957,2194.109967,2107.017199,-3.96938936,2.19503188,2.107902518,10899.04394,10.90362346,12791.10287,12.79647739,1294.200286,1.294744079,356.543849,0.35669366,42.95252011,0.042970568,15.62951711,0.015636084,1216.482582,1.21699372
13219,GA,Oconee,9711.539832,9964.437108,2.604090396,29.60113336,30.37197363,1762.041501,2091.291609,18.68571812,5.370767805,6.374334338,226.8209541,223.1266585,-1.628727642,1.951651644,1.919864555,219.4676707,1.888381265,2641.460712,2733.541041,3.485962471,8.051270154,8.33193441,1078.589645,1054.348578,-2.247478161,3.287581214,3.213693544,8607.842973,26.23702442,659.9872613,2.011665634,455.7456855,1.389129741,357.296835,1.089053996,14.02167722,0.042738592,1.439042094,0.004386254,323.8493269,0.987104751
13221,GA,Oglethorpe,673.5751297,645.210841,-4.211005933,4.520941873,4.330564743,228.310074,297.4192128,30.26985961,1.53238522,1.996236075,363.5523454,180.1402353,-50.44998676,6.437973179,3.190016562,40.937067,0.72493478,125.8028484,119.8030176,-4.769232843,0.844371088,0.804101065,117.7525812,110.5278736,-6.135498343,0.790338823,0.741847598,448.1993815,3.008251437,156.5794316,1.050939202,23.69628209,0.159046125,13.94796845,0.093616809,0.976077478,0.006551295,0,0,25.50798215,0.171206001
13223,GA,Paulding,34015.4726,35114.41792,3.230721874,23.90002572,24.67216908,8367.341074,10583.69355,26.48813348,5.879079476,7.436337895,527.69367,915.1624447,73.42683772,1.096962208,1.902426868,1435.617954,2.984342488,10402.02003,10637.05916,2.259552799,7.308690049,7.47383376,2151.652321,2431.854901,13.02266998,1.511798657,1.708675207,26099.09771,18.33780509,7019.245171,4.931877386,1827.336658,1.283927277,311.938936,0.219175217,111.2594026,0.078173325,17.65136048,0.012402237,1555.225299,1.092735799
13225,GA,Peach,5877.053632,5366.059501,-8.694733161,21.22063055,19.37555335,2453.178462,2277.687274,-7.153625028,8.857838824,8.224182249,570.8380638,418.4936763,-26.68784672,5.732456957,4.202587631,522.8230682,5.250281865,1447.329024,1332.458482,-7.936726219,5.22595784,4.811187874,644.4441564,596.8960207,-7.378162289,2.326933224,2.155248314,2480.731966,8.957327914,2603.019368,9.398878382,254.4508985,0.918761143,54.37218632,0.196324919,14.30630181,0.051656623,1.564715022,0.005649811,212.064994,0.765715812
13227,GA,Pickens,1813.087641,1654.300055,-8.757854957,6.160469033,5.62094409,708.0129861,496.2336421,-29.91178809,2.405670844,1.686091679,342.8705893,208.6099972,-39.15780364,3.036671591,1.847577692,74.85100845,0.662926299,474.4338185,438.1945016,-7.638434593,1.612020721,1.488887573,245.6712205,220.0811266,-10.41639872,0.834736232,0.747786778,1581.389572,5.373210466,16.12708537,0.054796254,73.73405891,0.250531952,3.375802946,0.011470228,4.023818754,0.013672042,0,0,49.38377958,0.167795113
13229,GA,Pierce,2277.373365,2206.099144,-3.129667833,12.1408112,11.76084414,751.458067,981.7840349,30.65054166,4.006067102,5.233948368,294.6439949,263.6180538,-10.52997573,4.159875688,3.721841787,158.7936775,2.241898595,567.3236141,552.3766239,-2.634649756,3.024435516,2.944752233,324.9412066,311.7083147,-4.072395752,1.732280662,1.661735338,2003.100087,10.67864424,90.85812387,0.484369996,121.3495108,0.646921371,3.618858183,0.019292346,16.04303681,0.085526372,1.036922671,0.005527896,91.44211467,0.487483285
13231,GA,Pike,0,5.078306864,,0,0.028419648,0,1.266309293,,0,0.007086627,134.1065671,180.0502721,34.25910154,2.167554018,2.91013855,0.228447692,0.003692382,0,1.436942751,,0,0.00804154,0,0.289337982,,0,0.001619218,5.078306864,0.028419648,0,0,0,0,0,0,0,0,0,0,0,0
13233,GA,Polk,4735.214146,4894.502458,3.36390936,11.4170323,11.80109092,2259.055422,2138.115557,-5.35355904,5.44678824,5.155191215,544.3298253,603.0986664,10.79654989,3.606744138,3.996148068,373.6253946,2.475651965,1249.838585,1305.390394,4.44471871,3.013474586,3.147415055,690.5183802,709.189963,2.703995052,1.664902665,1.70992155,3703.475422,8.929416328,724.2516685,1.746236693,476.3334834,1.148483384,36.83587188,0.08881464,14.25208897,0.034363084,0.116978976,0.000282047,415.5704166,1.001978099
13235,GA,Pulaski,1212.12968,1212.12968,0,10.09267011,10.09267011,621.4009755,542.2901931,-12.73103608,5.174029771,4.515322174,64.47327056,134.3173956,108.3303584,1.440743476,3.001506047,132.0147961,2.95005131,291.6424883,291.6424883,0,2.428330461,2.428330461,236.6727509,236.6727509,0,1.970630732,1.970630732,812.9623171,6.769045105,359.2640217,2.991374036,18.45028759,0.153624376,9.300033352,0.077435748,3.9146736,0.032595117,0.887539519,0.007390004,25.80109598,0.214830108
13237,GA,Putnam,740.8340815,637.4779002,-13.95132647,3.491535873,3.004420304,291.0284421,280.3587441,-3.666204554,1.371611095,1.321325027,223.0881202,152.413477,-31.68014646,2.593746311,1.772043681,68.63369352,0.797973416,149.6684817,131.4223237,-12.191049,0.705384493,0.619390724,143.2823286,122.117525,-14.77139836,0.675286684,0.575537398,312.8542317,1.474475595,300.7157497,1.417267177,13.06072432,0.061554927,1.10419775,0.005204061,1.468998048,0.006923358,0,0,21.33472131,0.100550105
13239,GA,Quitman,872.00654,878.5229776,0.747292282,34.69982252,34.95913162,586.4438737,506.2808794,-13.66933785,23.33640564,20.14647351,121.2441393,93.0487299,-23.25506995,11.51416328,8.836536552,69.47921229,6.598215792,188.8945003,189.8387567,0.499885646,7.516693205,7.554268076,188.2011289,189.7115548,0.802559436,7.489101825,7.549206318,326.3123206,12.98497098,543.0203525,21.60845016,13.36852453,0.531974713,0.006831806,0.000271859,1.083396695,0.043111687,0,0,8.100073362,0.322326835
13241,GA,Rabun,115.8387782,96.01571519,-17.11263132,0.711715276,0.589922064,23.71249065,22.14006729,-6.631202872,0.145689916,0.136028922,133.1766293,152.9400912,14.84003764,1.96425707,2.255753558,6.411103413,0.094559047,17.93113562,16.20239294,-9.641010562,0.110169179,0.099547757,30.66556633,21.9073826,-28.56031952,0.188409722,0.134599303,95.85653553,0.588944062,0,0,0.847127186,0.005204763,0.159179431,0.000978001,0,0,0,0,0,0
13243,GA,Randolph,470.8532596,1856.199096,294.2202922,6.099925632,24.04714465,256.5735191,1207.651735,370.6844803,3.32392174,15.64518377,221.3441307,452.0903202,104.2477109,6.945219036,14.1854509,199.6183318,6.263518413,92.82989983,362.6033845,290.6105524,1.202615622,4.697543523,73.38679939,344.6864743,369.6845715,0.950729361,4.465429127,721.2689605,9.344072554,1105.662843,14.32391298,27.49747912,0.356231107,9.582622392,0.124143314,0.023562202,0.000305249,0,0,19.66111546,0.254710655
13245,GA,Richmond,67308.09141,78927.44119,17.26293161,33.56191824,39.35568923,25075.37251,35981.293,43.49255626,12.50336452,17.94139737,1516.412561,2979.788931,96.50252236,1.971312673,3.873679126,5351.80229,6.95725949,16941.0623,20129.22007,18.81911368,8.447343193,10.03705831,6810.228649,7483.011931,9.879011656,3.395792873,3.731263647,29001.81665,14.4612123,44504.47679,22.19132321,3984.307004,1.986700011,1384.214326,0.69021253,287.255788,0.143234715,225.8635875,0.112622645,3523.814109,1.75708386
13247,GA,Rockdale,39853.84691,35030.29156,-12.10311106,46.76858172,41.10812834,11360.17807,12534.16853,10.33426107,13.3311953,14.70887582,797.6940672,516.3016374,-35.27573305,2.656589293,1.719457946,1432.210107,4.769740923,10845.34178,9623.422948,-11.26676184,12.72703371,11.29310913,3940.198506,3452.389463,-12.38031644,4.623832079,4.051387036,15925.81216,18.68897748,15649.50252,18.36472747,4037.251843,4.737724395,687.865694,0.807211986,129.5801746,0.152062635,24.53604136,0.028793101,2612.994964,3.066355646
13249,GA,Schley,44.3608584,27.75569319,-37.43201961,0.885446275,0.554005852,26.77494654,14.39879964,-46.22286317,0.534430071,0.28740119,85.40839087,96.43526159,12.91075807,4.562414042,5.151456282,3.446196213,0.184091678,7.207620166,5.981768796,-17.00771325,0.143864674,0.119396583,12.39627528,5.459051089,-55.96216634,0.247430644,0.108963096,21.28304,0.424811178,4.981768748,0.099436502,0,0,0.372721087,0.007439543,0,0,0,0,1.118163262,0.022318628
13251,GA,Screven,3130.901526,3023.797017,-3.420883996,21.45481756,20.72087314,1347.134628,1352.282123,0.382106942,9.231375507,9.266649234,405.7231342,362.1282493,-10.74498377,7.250234707,6.471198165,182.5518696,3.262184946,843.4340531,820.2290569,-2.751251994,5.779716667,5.620702096,454.6989038,441.9578204,-2.802092397,3.115869964,3.028560408,1627.277197,11.15108063,1334.64494,9.145788665,48.53947238,0.332621616,4.916068744,0.033687855,7.277326076,0.049868609,0,0,49.6814816,0.340447349
13253,GA,Seminole,640.6201517,489.7480762,-23.55094124,7.338986731,5.610586278,258.2272039,216.6375397,-16.10584154,2.958267888,2.48181395,146.611849,105.4062564,-28.10522675,4.178166117,3.003883056,41.54216842,1.183874848,143.6622691,102.3799722,-28.73565704,1.645804435,1.172871717,106.9173216,90.60920379,-15.25301753,1.224851891,1.038025018,382.4221112,4.381052941,97.1311999,1.112741435,8.082749992,0.092596517,0.204918206,0.002347556,1.941019518,0.022236448,0,0,8.048824907,0.092207869
13255,GA,Spalding,10916.09036,10011.49841,-8.28677597,17.03695841,15.62514384,4508.821327,4749.855668,5.345839273,7.037006737,7.413193807,802.105755,637.062837,-20.5762042,3.40380121,2.703428122,869.0630819,3.687940089,2794.057298,2673.266803,-4.323121611,4.360740558,4.172220441,1448.66552,1351.197975,-6.728091734,2.260960966,2.108841439,5803.514749,9.057660402,3799.016657,5.929200532,231.2241444,0.360876101,105.2962365,0.164337922,15.26786135,0.023828854,7.364024663,0.011493179,281.0388799,0.438622946
13257,GA,Stephens,2689.766167,3479.170514,29.34843767,10.27608851,13.29195994,1408.552903,1834.311003,30.22663188,5.381290936,7.007873938,355.7132538,396.7477343,11.53583118,3.457218912,3.856037849,269.9623901,2.623796191,612.2301283,789.7967304,29.00324468,2.338988074,3.017370508,409.8004151,564.7035005,37.79964092,1.565617632,2.157415475,2368.307204,9.047974035,946.3275157,3.61538688,70.33013967,0.268692033,36.0479876,0.13771915,10.17685257,0.038880048,0.672043443,0.002567501,117.6389324,0.449432407
13259,GA,Stewart,1034.38226,595.1203781,-42.46610742,17.07464938,9.823710433,407.8526212,345.9577635,-15.17579009,6.732463209,5.710758725,206.0458081,189.1939433,-8.178698229,11.06583287,10.1607918,62.37692383,3.349995909,206.941645,110.172029,-46.76178932,3.416006025,1.818620485,206.9272357,129.9567669,-37.19687675,3.415768169,2.145209093,301.5303579,4.977391184,280.379436,4.628250842,10.51878893,0.17363468,0.180181587,0.002974275,0.982821209,0.016223526,0.669153765,0.011045787,11.37842784,0.187824824
13261,GA,Sumter,7427.064606,7063.751477,-4.891745905,22.63038059,21.52335987,3093.925076,3695.983369,19.45936886,9.427237503,11.26171842,925.1185442,793.3872555,-14.23939554,7.631102402,6.544479547,695.8644794,5.7400353,1655.488913,1667.938585,0.752023881,5.044300293,5.082234636,1064.432408,1054.332018,-0.948899113,3.243341991,3.212565948,2715.518528,8.274226905,4025.572606,12.26598192,217.8126472,0.663678501,139.7458164,0.425807662,8.612140574,0.026241325,3.557602391,0.010840069,170.7447789,0.520261979
13263,GA,Talbot,305.8334636,1512.301424,394.4852687,4.454966696,22.02915403,175.2906885,886.3594351,405.6511802,2.553396773,12.91128092,330.4924303,289.8056757,-12.310949,11.66993045,10.23325126,164.1979414,5.797949909,51.85256192,329.5376935,535.5282773,0.755317726,4.800257735,57.47945403,265.2966245,361.5503556,0.837282652,3.864481056,360.3406374,5.248953203,1139.197678,16.59428518,25.00000028,0.364166064,0,0,1.999999982,0.029133285,0,0,10.76309844,0.156782206
13265,GA,Taliaferro,1183.686554,1172.41914,-0.951891694,68.93922856,68.28300176,754.3443064,719.3650972,-4.637034956,43.93385593,41.89662768,99.66642282,110.8635652,11.23461852,13.131281,14.60653033,137.5754904,18.12588806,206.3722045,204.9759893,-0.676551975,12.01934796,11.93803083,247.8784743,244.1306984,-1.511940859,14.43671953,14.21844487,431.7246343,25.14412547,700.3858817,40.79125694,29.72554313,1.731248872,6.999999942,0.407687824,1.91316282,0.111424742,0,0,31.39546413,1.828506939
13267,GA,Tattnall,954.4100286,998.3436087,4.603218608,3.739851209,3.912004736,379.1875757,380.1401537,0.251215512,1.485844732,1.489577405,473.0316521,555.8370348,17.50525198,5.761652279,6.770244029,88.69753482,1.080359742,221.4523136,228.6308088,3.241553482,0.86775985,0.895888749,154.5680497,162.8325682,5.346847889,0.605674176,0.638058653,740.0855551,2.900021768,214.0767011,0.838858547,26.70121593,0.104628589,1.284276618,0.005032432,1.695670237,0.006644476,1.779354334,0.006972392,39.42204473,0.154475097
13269,GA,Taylor,652.8033406,410.3185528,-37.14515118,7.329927472,4.607214831,441.9691827,240.2675874,-45.63702701,4.962600299,2.69781706,131.8079236,208.545239,58.21904575,3.742416911,5.921216325,25.80231466,0.73260405,85.37587458,31.52128259,-63.079403,0.95863322,0.353933108,69.03446155,36.98259961,-46.42878531,0.775145537,0.41525488,195.5633157,2.19586027,201.366617,2.261021974,7.322658483,0.082221631,9.72005064,0.109140474,0.821477605,0.009223867,0,0,2.847088724,0.031968209
13271,GA,Telfair,1369.729366,379.4695838,-72.29601751,8.301390099,2.29981566,587.0399855,179.2278024,-69.46923432,3.557818094,1.086229105,341.4881247,267.7692183,-21.58754611,6.160709448,4.830763455,40.94636035,0.738703957,311.3282016,88.99077426,-71.41576837,1.886837585,0.539338026,223.770157,66.76715871,-70.16261704,1.35618277,0.404649447,241.74596,1.46512703,118.2801004,0.716849093,21.10949274,0.12793632,0,0,0,0,0,0,19.44352308,0.117839534
13273,GA,Terrell,116.1841347,629.5971033,441.8959351,1.247280029,6.758959778,41.68442653,390.4315274,836.6364369,0.447497869,4.191428098,208.84955,233.3424611,11.72753836,5.934911907,6.630930977,76.40007458,2.171073446,24.49483392,174.0444733,610.535429,0.26296118,1.868432349,20.79472574,72.28449112,247.6097354,0.223239138,0.776000978,89.36766404,0.959395212,527.1135363,5.658760455,7.067571476,0.075873016,4.055895616,0.043541553,0.651206732,0.006990947,0,0,8.408802703,0.090271634
13275,GA,Thomas,12043.04359,12238.45701,1.622624869,26.9298828,27.36685378,6253.173716,6260.134092,0.111309496,13.98294659,13.99851094,855.5197467,945.6397139,10.53394356,4.868376183,5.381208183,1163.038204,6.618324725,3143.425509,3181.627936,1.215311987,7.029126808,7.114552629,1795.839547,1826.568516,1.711119978,4.015741384,4.084455537,6913.536905,15.45960846,4796.203734,10.72496363,446.514525,0.998467185,52.99564577,0.118505469,50.31802347,0.112517942,3.857857513,0.008626694,421.5448488,0.942631594
13277,GA,Tift,3927.000192,3447.285619,-12.21580211,9.788624038,8.592865096,2298.260451,1908.385689,-16.96390688,5.728751312,4.756931274,417.1049188,520.8014146,24.86101006,2.811437846,3.510389692,392.6035203,2.646289568,1071.016408,884.1226714,-17.45012823,2.669665507,2.203805452,542.1315236,536.1748477,-1.098751077,1.351342349,1.336494461,1225.274217,3.054175724,2003.740665,4.99461754,190.3238364,0.474410081,66.32915918,0.165335159,6.945781716,0.01731338,0,0,144.9958143,0.361423337
13279,GA,Toombs,4539.608461,4932.814505,8.661673074,16.67563627,18.12002536,2366.127573,2668.753777,12.78993608,8.691648874,9.803305209,395.9020028,480.5236566,21.37439397,3.815922918,4.631553317,410.7322009,3.958864587,1253.047514,1388.725719,10.82785794,4.602900172,5.101295664,576.1251592,612.1139383,6.246694578,2.11631767,2.248517571,3374.030901,12.39404511,1070.212642,3.931281055,497.7049225,1.828251561,25.45643,0.093510745,12.87592589,0.047297968,2.132975016,0.007835195,448.1056344,1.6460553
13281,GA,Towns,1.107801422,1.416200713,27.83886039,0.01057971,0.013524981,0.517500271,0.732553495,41.55615685,0.004942224,0.006996022,145.4365103,183.8080629,26.38371377,3.224756326,4.075566805,0.053262361,0.001180984,0,0,0,0,0,0,0.088448468,,0,0.000844699,1.416200713,0.013524981,0,0,0,0,0,0,0,0,0,0,0,0
13283,GA,Treutlen,1012.358315,394.3858129,-61.04286326,14.70382447,5.728189003,553.5299257,134.0123478,-75.78950269,8.039650337,1.946439329,95.83746768,62.75278599,-34.52165681,3.768677455,2.467667558,21.08012175,0.828946982,219.4988025,73.28529385,-66.61244024,3.188072657,1.064419664,96.03208416,34.96264981,-63.59274078,1.394801513,0.507809002,198.8966453,2.888840165,190.4676845,2.76641517,4.817183872,0.06996636,0.839521579,0.012193487,0,0,0,0,4.181969154,0.060740293
13285,GA,Troup,9861.770716,10880.99529,10.33510717,14.70940086,16.22963321,4280.503592,4865.531765,13.66727444,6.384618447,7.257221772,702.6779443,905.3045431,28.83633968,2.830183439,3.646304749,759.7071329,3.059880509,2615.246009,3015.810968,15.31653075,3.900790539,4.498256322,1188.082621,1197.940241,0.82970831,1.77209388,1.78679709,6122.458891,9.13200121,4192.730723,6.253700142,328.792986,0.490413737,194.7465259,0.290475696,31.43521494,0.04688744,16.5576885,0.024696749,323.0662485,0.481871977
13287,GA,Turner,723.6169588,527.849104,-27.05407225,8.103213424,5.91096421,408.3737791,354.08137,-13.29478334,4.573054638,3.965076931,111.936457,77.39263551,-30.86020625,3.35239464,2.31783874,54.72247077,1.638888014,168.1453572,128.7376446,-23.43669389,1.882926733,1.441630958,109.7800134,73.38379176,-33.15377776,1.229339456,0.821766985,294.3669883,3.296382848,226.310368,2.534270638,10.1780443,0.11397586,0.956479269,0.010710854,1.178120777,0.013192842,0,0,5.037146017,0.05640701
13289,GA,Twiggs,97.52953657,14.9415841,-84.67993941,1.080899219,0.165594415,71.02182886,10.65142485,-85.00260409,0.787119903,0.118047488,252.4681602,306.2447973,21.30036398,6.947390209,8.427209611,0.818985156,0.022536741,22.51506901,4.826423883,-78.56358388,0.249529746,0.053490235,20.77824978,3.258350372,-84.31845604,0.230280946,0.036111608,8.541753828,0.09466645,4.630407147,0.051317823,0,0,0,0,0,0,0,0,1.769422894,0.01961014
13291,GA,Union,7.359057069,296.7112536,3931.919454,0.034458967,1.389357809,2.70057138,113.8431709,4115.52164,0.012645493,0.533073473,309.2497247,400.0341691,29.35635416,3.392383992,4.388264251,25.45709457,0.27925729,0.897887112,43.74898574,4772.437208,0.004204379,0.204855711,1.675631052,72.200271,4208.840596,0.007846184,0.338079561,290.5092749,1.36031689,0,0,4.606185566,0.021568578,0.264729639,0.001239603,0.401546386,0.001880251,0,0,5.535703462,0.025921069
13293,GA,Upson,4929.530922,6800.658302,37.95751381,18.15464561,25.04569772,2222.269197,3888.447687,74.97644718,8.184249241,14.32050855,564.2458754,699.4071132,23.95431562,5.265452364,6.526755443,796.4390803,7.432242257,1246.233044,1640.915888,31.67006739,4.58966981,6.043221333,836.5847822,1133.032255,35.43543687,3.081003139,4.172770061,3906.30912,14.38628925,2638.155009,9.715887782,167.7656302,0.617853019,34.093661,0.125561304,15.91051204,0.05859578,5,0.018414172,201.1900159,0.740949493
13295,GA,Walker,17466.90887,17529.76148,0.359838221,25.4041958,25.49560981,7193.241437,8267.293345,14.93140357,10.46198359,12.02410458,812.1570203,797.892954,-1.756318778,3.065090464,3.011257705,1320.343466,4.982992286,4221.649998,4228.991757,0.173907335,6.140045957,6.150723947,2725.669423,2723.549072,-0.077791926,3.964264097,3.96118022,16274.35327,23.66972085,662.5219625,0.963584214,348.595663,0.507003989,61.2050048,0.089017693,36.21964202,0.052678518,7.37973751,0.010733227,488.081904,0.709875362
13297,GA,Walton,15470.3864,14141.25442,-8.591459507,18.4681339,16.88145165,5772.789292,4842.97524,-16.10684203,6.8914016,5.78141443,680.1527753,728.2456509,7.070893104,2.299133878,2.461703177,732.0582991,2.474591147,4401.764875,4011.440492,-8.867451899,5.254709286,4.788750468,1520.749973,1389.094453,-8.657275849,1.815430682,1.65826384,11258.75134,13.4403965,2259.542328,2.697381253,513.9772,0.613572247,126.3638297,0.150849763,34.86868694,0.041625307,6.286742521,0.007504945,455.4414827,0.543693872
13299,GA,Ware,13610.32349,14253.19279,4.723394664,37.48161349,39.25201802,5127.913745,6336.619528,23.57110209,14.12181578,17.45048339,393.8732677,664.367907,68.67555164,2.884673119,4.865738297,1231.900835,9.022270656,2884.760159,2968.568589,2.905213097,7.944371445,8.175172364,2235.609311,2538.085067,13.52990229,6.156668075,6.989659249,10431.04043,28.72615232,3254.762048,8.963323551,566.0968397,1.558980061,89.09171469,0.245350613,35.1836342,0.096892582,4.213649769,0.011604015,438.9012961,1.208694911
13301,GA,Warren,86.46048015,121.8091218,40.88416071,1.482010287,2.087917755,45.82160994,75.76103962,65.33910467,0.785423551,1.298612266,191.8514721,187.4550176,-2.291592809,8.28732061,8.097408967,13.77890021,0.595200873,15.74728201,24.74868413,57.16162399,0.269922558,0.424214675,15.92580083,21.61583595,35.72840813,0.27298253,0.370514843,38.61576152,0.661908837,82.927352,1.421449297,0.489796549,0.008395553,0,0,0.266007996,0.004559616,0,0,0,0
13303,GA,Washington,5635.440627,5328.823915,-5.440864907,26.59857756,25.15138488,3329.355743,2749.886032,-17.40486016,15.71414425,12.97911942,374.8699393,456.6463796,21.81461668,4.967138456,6.05070067,283.8823061,3.76152519,956.9479661,875.2371251,-8.538692164,4.51667516,4.131010172,757.4971365,720.7835788,-4.846692615,3.575292097,3.402008679,2690.943768,12.70091928,2537.819242,11.9781906,173.8131419,0.820376372,21.73860749,0.102603519,4.428719773,0.020903005,0,0,73.89356319,0.348768411
13305,GA,Wayne,8513.120304,8632.816457,1.406019752,28.28373137,28.68140622,3819.936724,4578.749069,19.86452656,12.69124132,15.21229632,422.4704477,625.4854623,48.05425226,3.99990956,5.92203619,584.7082849,5.535961796,2228.519436,2257.550067,1.302686876,7.403965036,7.500415517,1122.452241,1140.108953,1.573047866,3.729201108,3.787863226,7120.298518,23.65626273,1059.279665,3.519318466,445.9271816,1.481534874,65.50401527,0.217628543,33.54264251,0.111441053,1.999999906,0.006644739,352.1916439,1.170110781
13307,GA,Webster,55.97534727,49.94754326,-10.76867641,1.999833772,1.784478144,32.65853431,32.39631673,-0.802906755,1.166792937,1.157424678,91.01482323,87.26538473,-4.119591038,8.133585633,7.798515168,3.621953637,0.323677716,15.88932952,14.40353292,-9.350908134,0.567678797,0.514595674,4.558356245,4.276092639,-6.192223476,0.1628566,0.152772156,39.03181017,1.394491253,10.68351366,0.381690377,0.232218966,0.008296498,0,0,0,0,0,0,0.232218966,0.008296498
13309,GA,Wheeler,11.99815482,366.3625833,2953.491048,0.16167841,4.936835782,3.85905571,186.7884756,4740.263776,0.052001829,2.517025679,78.71519354,179.5381073,128.0857091,3.657769217,8.342848854,42.17558336,1.959831941,2.831667454,83.05734559,2833.1603,0.038157492,1.119220396,4.361145863,58.44925615,1240.227041,0.058767631,0.787619676,314.4840282,4.237758095,39.11286141,0.52705648,6.928055944,0.093357444,5.832268029,0.078591403,0,0,0.018620826,0.000250921,6.914804848,0.093178882
13311,GA,White,0,,,0,,0,,,0,,362.368296,526.2267984,45.21877443,3.403797633,4.942953207,,,0,,,0,,0,,,0,,,,,,,,,,,,,,,
13313,GA,Whitfield,27692.97624,23220.29731,-16.15095068,26.99146799,22.63208931,12590.05577,10996.9011,-12.65407157,12.27112912,10.71833166,668.1824293,656.6212791,-1.73023859,1.8993247,1.866461851,1161.678082,3.302098017,8496.025931,7016.875958,-17.40990418,8.280807738,6.839127046,2579.647585,2239.113782,-13.20078777,2.514300904,2.182393378,17341.75034,16.90245552,823.5346281,0.802673153,8059.792204,7.855624522,347.4827449,0.33868044,180.8160243,0.17623566,16.4223274,0.016006323,4510.291269,4.396038235
13315,GA,Wilcox,68.68102985,72.80753088,6.00821077,0.742096487,0.786683208,33.62316631,40.38652851,20.11518529,0.363297313,0.436375241,253.9276792,190.802848,-24.8593739,8.783385651,6.599890971,6.317765462,0.218532185,17.34682884,17.26912836,-0.447923254,0.18743197,0.186592419,11.79664955,17.25673657,46.28506591,0.127462448,0.186458526,55.9646149,0.604696001,15.84807019,0.171237928,0.871081386,0.009412008,0.935811034,0.01011141,0,0,0,0,0.059035076,0.000637872
13317,GA,Wilkes,3240.501699,1963.798339,-39.39832406,30.59097233,18.53864192,1763.726648,1214.731012,-31.12702509,16.64992587,11.46729927,432.0162423,325.1191306,-24.74377148,10.13408966,7.626533675,205.3598882,4.817262215,700.1111099,432.3267567,-38.24883641,6.609186348,4.081249474,612.4209225,370.741412,-39.46297417,5.781373761,3.499871727,1008.049865,9.516188662,871.0127905,8.222531771,83.19571086,0.785383846,2.526391249,0.023849629,0,0,0.999999992,0.009440196,81.20929377,0.766631679
13319,GA,Wilkinson,2020.300741,2076.777084,2.795442384,21.12622337,21.71679477,1012.23643,1037.07123,2.453458462,10.58492555,10.8446223,230.6968581,236.4601085,2.498191968,6.292876653,6.450084792,95.55254739,2.606452466,394.2935007,406.2696233,3.037362423,4.123115138,4.248349088,380.8804098,386.1696489,1.388687619,3.982854855,4.038164268,1182.501323,12.36538035,817.0643164,8.544016694,57.97660586,0.606259603,5.307453922,0.055499884,3.999999963,0.041827878,0.993248512,0.010386369,66.91074102,0.699683583
13321,GA,Worth,2450.174229,1699.917438,-30.62054862,11.30206296,7.841309275,1380.759092,897.3402985,-35.01108894,6.36910878,4.13921444,299.6610523,358.2428526,19.54935415,3.648174486,4.361369036,132.1298861,1.608593695,636.3779488,434.7166859,-31.68891432,2.935458042,2.005243258,344.7809373,240.4167069,-30.26972176,1.590391334,1.108984302,1013.09556,4.673165551,658.2772891,3.036474418,7.739550409,0.03570068,1.098116368,0.005065346,4.384792384,0.02022599,1.797220927,0.008290147,21.26445555,0.098087806
