FIPS,State,County,REDEMP_SNAPS12,REDEMP_SNAPS16,PCH_REDEMP_SNAPS_12_16,PCT_SNAP12,PCT_SNAP16,PCH_SNAP_12_16,PC_SNAPBEN10,PC_SNAPBEN15,PCH_PC_SNAPBEN_10_15,SNAP_PART_RATE08,SNAP_PART_RATE13,SNAP_OAPP09,SNAP_OAPP16,SNAP_CAP09,SNAP_CAP16,SNAP_BBCE09,SNAP_BBCE16,SNAP_REPORTSIMPLE09,SNAP_REPORTSIMPLE16,PCT_NSLP09,PCT_NSLP15,PCH_NSLP_09_15,PCT_FREE_LUNCH09,PCT_FREE_LUNCH14,PCT_REDUCED_LUNCH09,PCT_REDUCED_LUNCH14,PCT_SBP09,PCT_SBP15,PCH_SBP_09_15,PCT_SFSP09,PCT_SFSP15,PCH_SFSP_09_15,PC_WIC_REDEMP08,PC_WIC_REDEMP12,PCH_PC_WIC_REDEMP_08_12,REDEMP_WICS08,REDEMP_WICS12,PCH_REDEMP_WICS_08_12,PCT_WIC09,PCT_WIC15,PCH_WIC_09_15,PCT_CACFP09,PCT_CACFP15,PCH_CACFP_09_15,FDPIR12
13001,GA,Appling,281560.0523,238424.5982,-15.32016127,19.39529709,16.41494763,-2.98034946,25.06032025,22.09325451,-11.83969602,62,92.597,1,0,0,0,1,1,1,1,13.13427904,12.10152211,-1.032756923,55.41419282,59.92407809,8.510036754,7.971800434,5.744377651,6.137433513,0.393055861,0.696434332,0.991095326,0.294660994,37.98565,31.15228,-17.98935,137082.6,143051.3,4.354058,5.078871539,2.587396369,-2.491475171,1.424865129,1.387363606,-0.037501523,0
13003,GA,Atkinson,195401.1123,208427.1369,6.666300146,19.39529709,16.41494763,-2.98034946,28.59701493,28.40319361,-0.677767638,62,92.597,1,0,0,0,1,1,1,1,13.13427904,12.10152211,-1.032756923,65.35525543,74.13081909,13.6230182,10.72480849,5.744377651,6.137433513,0.393055861,0.696434332,0.991095326,0.294660994,,,,,,,5.078871539,2.587396369,-2.491475171,1.424865129,1.387363606,-0.037501523,0
13005,GA,Bacon,181654.4554,187414.1676,3.170696864,19.39529709,16.41494763,-2.98034946,23.27415285,24.62104423,5.787069435,62,92.597,1,0,0,0,1,1,1,1,13.13427904,12.10152211,-1.032756923,51.952916,58.08270677,9.951845907,6.907894737,5.744377651,6.137433513,0.393055861,0.696434332,0.991095326,0.294660994,44.75285,34.09734,-23.80968,94267.4,95455.5,1.260353,5.078871539,2.587396369,-2.491475171,1.424865129,1.387363606,-0.037501523,0
13007,GA,Baker,,138210.3075,,19.39529709,16.41494763,-2.98034946,39.67449049,40.98101266,3.293103847,62,92.597,1,0,0,0,1,1,1,1,13.13427904,12.10152211,-1.032756923,75.72559367,99.10179641,3.957783641,0,5.744377651,6.137433513,0.393055861,0.696434332,0.991095326,0.294660994,,,,,,,5.078871539,2.587396369,-2.491475171,1.424865129,1.387363606,-0.037501523,0
13009,GA,Baldwin,333058.7826,279482.7255,-16.08606644,19.39529709,16.41494763,-2.98034946,25.24788568,25.60476327,1.413494939,62,92.597,1,0,0,0,1,1,1,1,13.13427904,12.10152211,-1.032756923,66.66054709,81.79528692,8.022764825,6.673862205,5.744377651,6.137433513,0.393055861,0.696434332,0.991095326,0.294660994,36.20179,27.72597,-23.41271,169967.4,160696.3,-5.454667,5.078871539,2.587396369,-2.491475171,1.424865129,1.387363606,-0.037501523,0
13011,GA,Banks,325254.3833,257773.1053,-20.74723092,19.39529709,16.41494763,-2.98034946,19.85593911,17.45812577,-12.07605106,62,92.597,1,0,0,0,1,1,1,1,13.13427904,12.10152211,-1.032756923,53.46975089,58.86632313,9.90510083,9.912094574,5.744377651,6.137433513,0.393055861,0.696434332,0.991095326,0.294660994,,,,,,,5.078871539,2.587396369,-2.491475171,1.424865129,1.387363606,-0.037501523,0
13013,GA,Barrow,338368.0998,243032.2442,-28.17519018,19.39529709,16.41494763,-2.98034946,21.14357932,24.55385872,16.12914893,62,92.597,1,0,0,0,1,1,1,1,13.13427904,12.10152211,-1.032756923,44.51890857,48.49388607,11.08983565,10.34894125,5.744377651,6.137433513,0.393055861,0.696434332,0.991095326,0.294660994,19.56084,16.4748,-15.77665,124931.5,88924.62,-28.82133,5.078871539,2.587396369,-2.491475171,1.424865129,1.387363606,-0.037501523,0
13015,GA,Bartow,247701.5814,180205.2865,-27.24903676,19.39529709,16.41494763,-2.98034946,24.93335463,22.03111844,-11.6399748,62,92.597,1,0,0,0,1,1,1,1,13.13427904,12.10152211,-1.032756923,45.95173115,49.68767123,9.487879274,9.019178082,5.744377651,6.137433513,0.393055861,0.696434332,0.991095326,0.294660994,18.99606,17.46783,-8.045016,180460.7,159848.1,-11.42221,5.078871539,2.587396369,-2.491475171,1.424865129,1.387363606,-0.037501523,0
13017,GA,Ben Hill,351806.9627,277067.4541,-21.24446543,19.39529709,16.41494763,-2.98034946,39.68186458,35.21282317,-11.26217595,62,92.597,1,0,0,0,1,1,1,1,13.13427904,12.10152211,-1.032756923,68.46710923,74.41016334,7.181653591,6.32183908,5.744377651,6.137433513,0.393055861,0.696434332,0.991095326,0.294660994,63.71027,45.28624,-28.91847,140680.3,158846,12.91279,5.078871539,2.587396369,-2.491475171,1.424865129,1.387363606,-0.037501523,0
13019,GA,Berrien,149287.5123,131879.0544,-11.66102751,19.39529709,16.41494763,-2.98034946,28.55698434,27.3340012,-4.282606074,62,92.597,1,0,0,0,1,1,1,1,13.13427904,12.10152211,-1.032756923,57.40971357,83.45346286,9.433374844,0,5.744377651,6.137433513,0.393055861,0.696434332,0.991095326,0.294660994,29.95529,23.39452,-21.90189,101979.8,89091,-12.63858,5.078871539,2.587396369,-2.491475171,1.424865129,1.387363606,-0.037501523,0
13021,GA,Bibb,407095.3236,329531.7612,-19.05292395,19.39529709,16.41494763,-2.98034946,35.989658,35.98030915,-0.025976502,62,92.597,1,0,0,0,1,1,1,1,13.13427904,12.10152211,-1.032756923,70.48770817,98.23486149,6.225218081,0.073547438,5.744377651,6.137433513,0.393055861,0.696434332,0.991095326,0.294660994,41.2962,42.13349,2.027528,173085.8,212654.5,22.86079,5.078871539,2.587396369,-2.491475171,1.424865129,1.387363606,-0.037501523,0
13023,GA,Bleckley,210618.5115,235917.3918,12.01170785,19.39529709,16.41494763,-2.98034946,21.16665391,21.05173943,-0.542903395,62,92.597,1,0,0,0,1,1,1,1,13.13427904,12.10152211,-1.032756923,46.77952106,70.06885379,8.794384806,2.956662616,5.744377651,6.137433513,0.393055861,0.696434332,0.991095326,0.294660994,28.42467,21.90661,-22.93101,72636.4,70720,-2.638345,5.078871539,2.587396369,-2.491475171,1.424865129,1.387363606,-0.037501523,0
13025,GA,Brantley,123382.349,140112.0641,13.55924502,19.39529709,16.41494763,-2.98034946,23.68149476,26.90299384,13.60344485,62,92.597,1,0,0,0,1,1,1,1,13.13427904,12.10152211,-1.032756923,51.54553049,77.05430765,10.97187413,1.62069946,5.744377651,6.137433513,0.393055861,0.696434332,0.991095326,0.294660994,27.13946,,,52569.13,,,5.078871539,2.587396369,-2.491475171,1.424865129,1.387363606,-0.037501523,0
13027,GA,Brooks,147486.006,155185.8959,5.220759635,19.39529709,16.41494763,-2.98034946,31.25961953,30.35517036,-2.893346686,62,92.597,1,0,0,0,1,1,1,1,13.13427904,12.10152211,-1.032756923,70.69038543,95.50664833,8.894536213,0,5.744377651,6.137433513,0.393055861,0.696434332,0.991095326,0.294660994,26.82228,19.33123,-27.92845,110514.5,74439.75,-32.64255,5.078871539,2.587396369,-2.491475171,1.424865129,1.387363606,-0.037501523,0
13029,GA,Bryan,186367.1814,162242.9375,-12.94447,19.39529709,16.41494763,-2.98034946,13.54755841,12.75010461,-5.886328569,62,92.597,1,0,0,0,1,1,1,1,13.13427904,12.10152211,-1.032756923,25.23287671,28.72902242,8.205479452,9.81105504,5.744377651,6.137433513,0.393055861,0.696434332,0.991095326,0.294660994,18.45321,18.32576,-0.6906811,82514.86,84335.14,2.206004,5.078871539,2.587396369,-2.491475171,1.424865129,1.387363606,-0.037501523,0
13031,GA,Bulloch,278867.3321,252468.8677,-9.466316545,19.39529709,16.41494763,-2.98034946,19.83968745,20.43352956,2.993202998,62,92.597,1,0,0,0,1,1,1,1,13.13427904,12.10152211,-1.032756923,47.29884459,56.07820364,9.513896117,6.775067751,5.744377651,6.137433513,0.393055861,0.696434332,0.991095326,0.294660994,26.4385,21.73467,-17.79159,256056.9,197497.5,-22.86967,5.078871539,2.587396369,-2.491475171,1.424865129,1.387363606,-0.037501523,0
13033,GA,Burke,382063.6551,304581.7615,-20.27983888,19.39529709,16.41494763,-2.98034946,38.72162178,37.92542433,-2.056208946,62,92.597,1,0,0,0,1,1,1,1,13.13427904,12.10152211,-1.032756923,71.11860122,100,12.57636402,0,5.744377651,6.137433513,0.393055861,0.696434332,0.991095326,0.294660994,35.38695,24.04497,-32.0513,115462.6,111208,-3.684805,5.078871539,2.587396369,-2.491475171,1.424865129,1.387363606,-0.037501523,0
13035,GA,Butts,228652.4466,155763.6841,-31.87753448,19.39529709,16.41494763,-2.98034946,24.8220954,26.31150558,6.000340238,62,92.597,1,0,0,0,1,1,1,1,13.13427904,12.10152211,-1.032756923,51.19684596,77.32046551,8.983384962,0,5.744377651,6.137433513,0.393055861,0.696434332,0.991095326,0.294660994,19.54018,23.84709,22.04128,95309.2,112195.8,17.7177,5.078871539,2.587396369,-2.491475171,1.424865129,1.387363606,-0.037501523,0
13037,GA,Calhoun,150123.1757,106868.3987,-28.81285771,19.39529709,16.41494763,-2.98034946,29.01852405,27.82933746,-4.098025769,62,92.597,1,0,0,0,1,1,1,1,13.13427904,12.10152211,-1.032756923,76.53213752,78.69974337,11.36023916,3.76390077,5.744377651,6.137433513,0.393055861,0.696434332,0.991095326,0.294660994,,,,,,,5.078871539,2.587396369,-2.491475171,1.424865129,1.387363606,-0.037501523,0
13039,GA,Camden,271018.7334,221702.074,-18.1967714,19.39529709,16.41494763,-2.98034946,18.48204093,17.75688484,-3.923571495,62,92.597,1,0,0,0,1,1,1,1,13.13427904,12.10152211,-1.032756923,32.25439504,41.29253963,11.79937952,9.411373462,5.744377651,6.137433513,0.393055861,0.696434332,0.991095326,0.294660994,31.00275,29.99977,-3.235148,165255,154204.8,-6.686759,5.078871539,2.587396369,-2.491475171,1.424865129,1.387363606,-0.037501523,0
13043,GA,Candler,217279.037,151679.891,-30.1911988,19.39529709,16.41494763,-2.98034946,32.58925865,25.53726566,-21.63901016,62,92.597,1,0,0,0,1,1,1,1,13.13427904,12.10152211,-1.032756923,59.18065153,65.94768242,7.699901283,6.05782469,5.744377651,6.137433513,0.393055861,0.696434332,0.991095326,0.294660994,,,,,,,5.078871539,2.587396369,-2.491475171,1.424865129,1.387363606,-0.037501523,0
13045,GA,Carroll,293428.3561,266732.5103,-9.097909328,19.39529709,16.41494763,-2.98034946,25.88884767,21.69490245,-16.19981422,62,92.597,1,0,0,0,1,1,1,1,13.13427904,12.10152211,-1.032756923,49.69857603,55.09009468,8.450265045,7.467168889,5.744377651,6.137433513,0.393055861,0.696434332,0.991095326,0.294660994,21.41529,26.02378,21.51965,121832.6,138273,13.49425,5.078871539,2.587396369,-2.491475171,1.424865129,1.387363606,-0.037501523,0
13047,GA,Catoosa,316594.6456,259705.6309,-17.96903881,19.39529709,16.41494763,-2.98034946,19.67277637,32.68864035,66.16180522,62,92.597,1,0,0,0,1,1,1,1,13.13427904,12.10152211,-1.032756923,37.50232126,39.86187845,10.10213556,10.3038674,5.744377651,6.137433513,0.393055861,0.696434332,0.991095326,0.294660994,22.1979,17.48287,-21.24087,127567.3,103381,-18.95964,5.078871539,2.587396369,-2.491475171,1.424865129,1.387363606,-0.037501523,0
13049,GA,Charlton,146935.3711,122823.4994,-16.40984843,19.39529709,16.41494763,-2.98034946,33.38536959,19.85804699,-40.51871453,62,92.597,1,0,0,0,1,1,1,1,13.13427904,12.10152211,-1.032756923,55.99547511,63.59807461,11.31221719,10.40914561,5.744377651,6.137433513,0.393055861,0.696434332,0.991095326,0.294660994,,,,,,,5.078871539,2.587396369,-2.491475171,1.424865129,1.387363606,-0.037501523,0
13051,GA,Chatham,388410.2068,272474.7523,-29.84871472,19.39529709,16.41494763,-2.98034946,21.43744405,20.94163509,-2.312817512,62,92.597,1,0,0,0,1,1,1,1,13.13427904,12.10152211,-1.032756923,61.52071074,60.40076586,8.226606669,6.719647494,5.744377651,6.137433513,0.393055861,0.696434332,0.991095326,0.294660994,23.93589,24.2129,1.157292,120230.5,139443.1,15.97985,5.078871539,2.587396369,-2.491475171,1.424865129,1.387363606,-0.037501523,0
13053,GA,Chattahoochee,1253320.965,545266.296,-56.4942811,19.39529709,16.41494763,-2.98034946,10.68755362,8.7899145,-17.75559861,62,92.597,1,0,0,0,1,1,1,1,13.13427904,12.10152211,-1.032756923,45.39400666,47.18232044,17.9800222,21.7679558,5.744377651,6.137433513,0.393055861,0.696434332,0.991095326,0.294660994,,,,,,,5.078871539,2.587396369,-2.491475171,1.424865129,1.387363606,-0.037501523,0
13055,GA,Chattooga,247373.8685,209723.2911,-15.220111,19.39529709,16.41494763,-2.98034946,28.02229483,22.01055649,-21.45341191,62,92.597,1,0,0,0,1,1,1,1,13.13427904,12.10152211,-1.032756923,52.78969957,59.69555035,9.942775393,8.50117096,5.744377651,6.137433513,0.393055861,0.696434332,0.991095326,0.294660994,28.12121,22.48012,-20.05994,94364.25,82614.43,-12.45156,5.078871539,2.587396369,-2.491475171,1.424865129,1.387363606,-0.037501523,0
13057,GA,Cherokee,306174.6451,210912.7183,-31.113591,19.39529709,16.41494763,-2.98034946,8.9434839,8.419669877,-5.856934825,62,92.597,1,0,0,0,1,1,1,1,13.13427904,12.10152211,-1.032756923,22.10325647,25.64028569,5.797404225,4.958757184,5.744377651,6.137433513,0.393055861,0.696434332,0.991095326,0.294660994,15.57914,11.711,-24.82896,116907.6,78540.03,-32.8187,5.078871539,2.587396369,-2.491475171,1.424865129,1.387363606,-0.037501523,0
13059,GA,Clarke,340570.433,286317.1887,-15.93010991,19.39529709,16.41494763,-2.98034946,21.76117118,29.80490014,36.9636767,62,92.597,1,0,0,0,1,1,1,1,13.13427904,12.10152211,-1.032756923,70.72896596,72.28455843,6.896274888,5.778184871,5.744377651,6.137433513,0.393055861,0.696434332,0.991095326,0.294660994,18.73758,23.0524,23.02765,126923.9,154023.3,21.35089,5.078871539,2.587396369,-2.491475171,1.424865129,1.387363606,-0.037501523,0
13061,GA,Clay,148168.101,113571.6377,-23.34946795,19.39529709,16.41494763,-2.98034946,42.25573358,50.97402597,20.63221165,62,92.597,1,0,0,0,1,1,1,1,13.13427904,12.10152211,-1.032756923,84.56790123,97.07792208,11.11111111,0,5.744377651,6.137433513,0.393055861,0.696434332,0.991095326,0.294660994,,,,,,,5.078871539,2.587396369,-2.491475171,1.424865129,1.387363606,-0.037501523,0
13063,GA,Clayton,543992.2528,476425.8688,-12.42046805,19.39529709,16.41494763,-2.98034946,36.26784723,40.39168954,11.37051859,62,92.597,1,0,0,0,1,1,1,1,13.13427904,12.10152211,-1.032756923,70.53696593,86.73173344,9.725523659,2.710785116,5.744377651,6.137433513,0.393055861,0.696434332,0.991095326,0.294660994,36.95778,72.07173,95.01101,159385.6,368519.4,131.2125,5.078871539,2.587396369,-2.491475171,1.424865129,1.387363606,-0.037501523,0
13065,GA,Clinch,258275.0557,145040.3907,-43.84266404,19.39529709,16.41494763,-2.98034946,37.11876042,35.71774389,-3.774416269,62,92.597,1,0,0,0,1,1,1,1,13.13427904,12.10152211,-1.032756923,57.45428973,70.6970128,9.845288326,7.539118065,5.744377651,6.137433513,0.393055861,0.696434332,0.991095326,0.294660994,,,,,,,5.078871539,2.587396369,-2.491475171,1.424865129,1.387363606,-0.037501523,0
13067,GA,Cobb,336707.4954,252720.7305,-24.94353886,19.39529709,16.41494763,-2.98034946,13.41526687,13.40403579,-0.083718667,62,92.597,1,0,0,0,1,1,1,1,13.13427904,12.10152211,-1.032756923,35.41534532,40.48087051,6.724762592,5.755019781,5.744377651,6.137433513,0.393055861,0.696434332,0.991095326,0.294660994,18.23644,15.74422,-13.66613,156749.3,129513.1,-17.37566,5.078871539,2.587396369,-2.491475171,1.424865129,1.387363606,-0.037501523,0
13069,GA,Coffee,274335.6407,238287.2924,-13.14023517,19.39529709,16.41494763,-2.98034946,31.06604338,28.15893138,-9.357844403,62,92.597,1,0,0,0,1,1,1,1,13.13427904,12.10152211,-1.032756923,64.9910463,83.59686335,8.454847787,1.156961049,5.744377651,6.137433513,0.393055861,0.696434332,0.991095326,0.294660994,49.42828,46.08536,-6.76317,83908.63,104710.8,24.79145,5.078871539,2.587396369,-2.491475171,1.424865129,1.387363606,-0.037501523,0
13071,GA,Colquitt,395855.9127,282560.5359,-28.62035736,19.39529709,16.41494763,-2.98034946,30.43723534,33.52274797,10.13729598,62,92.597,1,0,0,0,1,1,1,1,13.13427904,12.10152211,-1.032756923,61.88211877,95.03962128,8.260533009,0,5.744377651,6.137433513,0.393055861,0.696434332,0.991095326,0.294660994,41.53279,34.65821,-16.55217,157167,177669.6,13.04508,5.078871539,2.587396369,-2.491475171,1.424865129,1.387363606,-0.037501523,0
13073,GA,Columbia,385973.0469,266183.2758,-31.03578659,19.39529709,16.41494763,-2.98034946,9.107666347,8.849828799,-2.830994662,62,92.597,1,0,0,0,1,1,1,1,13.13427904,12.10152211,-1.032756923,21.67781207,25.35641548,7.617455418,7.93905687,5.744377651,6.137433513,0.393055861,0.696434332,0.991095326,0.294660994,15.22971,13.07322,-14.15975,98985.06,78217.68,-20.98032,5.078871539,2.587396369,-2.491475171,1.424865129,1.387363606,-0.037501523,0
13075,GA,Cook,223555.6507,240894.4691,7.755929402,19.39529709,16.41494763,-2.98034946,31.09264854,32.1334504,3.347421028,62,92.597,1,0,0,0,1,1,1,1,13.13427904,12.10152211,-1.032756923,60.3474094,86.14783654,9.194369572,0,5.744377651,6.137433513,0.393055861,0.696434332,0.991095326,0.294660994,38.91659,,,129055.2,,,5.078871539,2.587396369,-2.491475171,1.424865129,1.387363606,-0.037501523,0
13077,GA,Coweta,324643.0388,268272.2019,-17.36394446,19.39529709,16.41494763,-2.98034946,18.63262565,15.72616999,-15.59874448,62,92.597,1,0,0,0,1,1,1,1,13.13427904,12.10152211,-1.032756923,33.66222126,35.37571271,9.060681629,7.16534763,5.744377651,6.137433513,0.393055861,0.696434332,0.991095326,0.294660994,14.16469,14.165,0.002141,124867.9,103033.8,-17.4857,5.078871539,2.587396369,-2.491475171,1.424865129,1.387363606,-0.037501523,0
13079,GA,Crawford,119829.9154,88262.70048,-26.34335074,19.39529709,16.41494763,-2.98034946,25.32990235,25.37399619,0.174078197,62,92.597,1,0,0,0,1,1,1,1,13.13427904,12.10152211,-1.032756923,64.12579957,70.58159232,11.19402985,9.768492377,5.744377651,6.137433513,0.393055861,0.696434332,0.991095326,0.294660994,,,,,,,5.078871539,2.587396369,-2.491475171,1.424865129,1.387363606,-0.037501523,0
13081,GA,Crisp,423064.6457,320421.7126,-24.26176097,19.39529709,16.41494763,-2.98034946,38.39754256,36.39679066,-5.210624848,62,92.597,1,0,0,0,1,1,1,1,13.13427904,12.10152211,-1.032756923,69.37101185,97.94007491,4.649042844,0,5.744377651,6.137433513,0.393055861,0.696434332,0.991095326,0.294660994,56.02681,41.5652,-25.81195,177949.1,140169.7,-21.23046,5.078871539,2.587396369,-2.491475171,1.424865129,1.387363606,-0.037501523,0
13083,GA,Dade,120934.2078,125274.6996,3.589134905,19.39529709,16.41494763,-2.98034946,17.04943987,13.86145743,-18.69845848,62,92.597,1,0,0,0,1,1,1,1,13.13427904,12.10152211,-1.032756923,40.68745004,44.96826836,12.62989608,13.19129646,5.744377651,6.137433513,0.393055861,0.696434332,0.991095326,0.294660994,18.57174,16.43201,-11.52143,74899.81,67740.95,-9.557924,5.078871539,2.587396369,-2.491475171,1.424865129,1.387363606,-0.037501523,0
13085,GA,Dawson,319007.6862,226004.5023,-29.15390063,19.39529709,16.41494763,-2.98034946,16.39423795,12.26923518,-25.16129618,62,92.597,1,0,0,0,1,1,1,1,13.13427904,12.10152211,-1.032756923,33.9234723,36.43701355,8.937749857,11.15595272,5.744377651,6.137433513,0.393055861,0.696434332,0.991095326,0.294660994,27.13418,26.9839,-0.5538542,149943.5,151258.3,0.8768303,5.078871539,2.587396369,-2.491475171,1.424865129,1.387363606,-0.037501523,0
13087,GA,Decatur,381491.867,277888.8874,-27.15732328,19.39529709,16.41494763,-2.98034946,35.70145823,38.09672712,6.709162626,62,92.597,1,0,0,0,1,1,1,1,13.13427904,12.10152211,-1.032756923,62.05380693,94.99718943,8.580974152,0,5.744377651,6.137433513,0.393055861,0.696434332,0.991095326,0.294660994,34.37149,31.47915,-8.414943,164719.7,144326.7,-12.38043,5.078871539,2.587396369,-2.491475171,1.424865129,1.387363606,-0.037501523,0
13089,GA,DeKalb,512230.0056,407007.8225,-20.54197956,19.39529709,16.41494763,-2.98034946,24.69192009,27.34145061,10.73035435,62,92.597,1,0,0,0,1,1,1,1,13.13427904,12.10152211,-1.032756923,60.27614156,65.95168454,7.428490646,4.576066154,5.744377651,6.137433513,0.393055861,0.696434332,0.991095326,0.294660994,27.16394,27.77283,2.241526,181197.2,185262.8,2.243775,5.078871539,2.587396369,-2.491475171,1.424865129,1.387363606,-0.037501523,0
13091,GA,Dodge,328701.6938,250722.6718,-23.7233405,19.39529709,16.41494763,-2.98034946,27.99443323,23.91794085,-14.56179642,62,92.597,1,0,0,0,1,1,1,1,13.13427904,12.10152211,-1.032756923,56.40189686,66.50616912,9.928867813,6.319590731,5.744377651,6.137433513,0.393055861,0.696434332,0.991095326,0.294660994,36.46089,25.5117,-30.02996,90076.63,108827.8,20.81691,5.078871539,2.587396369,-2.491475171,1.424865129,1.387363606,-0.037501523,0
13093,GA,Dooly,153230.1721,143604.5758,-6.28178916,19.39529709,16.41494763,-2.98034946,24.59556688,23.354641,-5.045323335,62,92.597,1,0,0,0,1,1,1,1,13.13427904,12.10152211,-1.032756923,80.22206801,100,11.72796669,0,5.744377651,6.137433513,0.393055861,0.696434332,0.991095326,0.294660994,32.83364,,,94536.25,,,5.078871539,2.587396369,-2.491475171,1.424865129,1.387363606,-0.037501523,0
13095,GA,Dougherty,530716.7964,381127.168,-28.18633768,19.39529709,16.41494763,-2.98034946,44.00236169,47.06111178,6.951331638,62,92.597,1,0,0,0,1,1,1,1,13.13427904,12.10152211,-1.032756923,72.77178629,99.967348,7.239370274,0,5.744377651,6.137433513,0.393055861,0.696434332,0.991095326,0.294660994,36.56569,32.06453,-12.3098,151544.1,144291.9,-4.785549,5.078871539,2.587396369,-2.491475171,1.424865129,1.387363606,-0.037501523,0
13097,GA,Douglas,520803.8571,365788.4656,-29.76463968,19.39529709,16.41494763,-2.98034946,22.45543278,23.30023009,3.762106541,62,92.597,1,0,0,0,1,1,1,1,13.13427904,12.10152211,-1.032756923,46.13843133,52.87830851,9.89940283,8.573192376,5.744377651,6.137433513,0.393055861,0.696434332,0.991095326,0.294660994,28.7333,23.23913,-19.12128,245403.5,148255.7,-39.58697,5.078871539,2.587396369,-2.491475171,1.424865129,1.387363606,-0.037501523,0
13099,GA,Early,318713.1843,353035.0771,10.76889645,19.39529709,16.41494763,-2.98034946,43.80147771,46.0093449,5.040622612,62,92.597,1,0,0,0,1,1,1,1,13.13427904,12.10152211,-1.032756923,67.61506276,96.3165075,8.033472803,0,5.744377651,6.137433513,0.393055861,0.696434332,0.991095326,0.294660994,45.23628,37.46206,-17.18582,105834.8,99218.25,-6.251769,5.078871539,2.587396369,-2.491475171,1.424865129,1.387363606,-0.037501523,0
13101,GA,Echols,64524.72,32225.54143,-50.05706119,19.39529709,16.41494763,-2.98034946,25.47099653,28.2447466,10.88983726,62,92.597,1,0,0,0,1,1,1,1,13.13427904,12.10152211,-1.032756923,59.87261146,90.5982906,8.280254777,0,5.744377651,6.137433513,0.393055861,0.696434332,0.991095326,0.294660994,,,,,,,5.078871539,2.587396369,-2.491475171,1.424865129,1.387363606,-0.037501523,0
13103,GA,Effingham,231254.5496,207318.7451,-10.35041456,19.39529709,16.41494763,-2.98034946,15.58532695,13.65147406,-12.40816377,62,92.597,1,0,0,0,1,1,1,1,13.13427904,12.10152211,-1.032756923,30.6839993,31.60430108,9.823765486,8.197849462,5.744377651,6.137433513,0.393055861,0.696434332,0.991095326,0.294660994,13.4152,12.83621,-4.315933,87383.25,114013.3,30.47505,5.078871539,2.587396369,-2.491475171,1.424865129,1.387363606,-0.037501523,0
13105,GA,Elbert,250276.1544,178003.0264,-28.87735275,19.39529709,16.41494763,-2.98034946,27.128996,32.39733361,19.41958195,62,92.597,1,0,0,0,1,1,1,1,13.13427904,12.10152211,-1.032756923,60.82383874,74.53232688,8.501314636,4.955694125,5.744377651,6.137433513,0.393055861,0.696434332,0.991095326,0.294660994,26.36282,22.54654,-14.47601,108483,88761.2,-18.17962,5.078871539,2.587396369,-2.491475171,1.424865129,1.387363606,-0.037501523,0
13107,GA,Emanuel,303015.64,252117.7361,-16.79712108,19.39529709,16.41494763,-2.98034946,29.62651562,30.46618709,2.834189084,62,92.597,1,0,0,0,1,1,1,1,13.13427904,12.10152211,-1.032756923,65.16928524,70.42774566,8.276167294,8.693641618,5.744377651,6.137433513,0.393055861,0.696434332,0.991095326,0.294660994,43.89801,35.16835,-19.88622,91679,134214.2,46.39576,5.078871539,2.587396369,-2.491475171,1.424865129,1.387363606,-0.037501523,0
13109,GA,Evans,176583.6953,145454.8329,-17.62838995,19.39529709,16.41494763,-2.98034946,30.53787879,28.78279249,-5.747243644,62,92.597,1,0,0,0,1,1,1,1,13.13427904,12.10152211,-1.032756923,70.49180328,,10.81967213,,5.744377651,6.137433513,0.393055861,0.696434332,0.991095326,0.294660994,,,,,,,5.078871539,2.587396369,-2.491475171,1.424865129,1.387363606,-0.037501523,0
13111,GA,Fannin,315100.7219,282092.0063,-10.47560772,19.39529709,16.41494763,-2.98034946,17.82999747,14.12051335,-20.80473721,62,92.597,1,0,0,0,1,1,1,1,13.13427904,12.10152211,-1.032756923,48.79291845,51.8819939,11.99034335,10.17293998,5.744377651,6.137433513,0.393055861,0.696434332,0.991095326,0.294660994,19.59297,14.94932,-23.70061,74130.02,70237.88,-5.250414,5.078871539,2.587396369,-2.491475171,1.424865129,1.387363606,-0.037501523,0
13113,GA,Fayette,393328.147,324323.85,-17.54369666,19.39529709,16.41494763,-2.98034946,8.684677245,8.124822849,-6.446461745,62,92.597,1,0,0,0,1,1,1,1,13.13427904,12.10152211,-1.032756923,16.02154002,21.53033775,4.381644958,4.682674106,5.744377651,6.137433513,0.393055861,0.696434332,0.991095326,0.294660994,10.12187,10.69864,5.698261,76924.79,82168.64,6.816855,5.078871539,2.587396369,-2.491475171,1.424865129,1.387363606,-0.037501523,0
13115,GA,Floyd,277881.7804,243498.5323,-12.3733366,19.39529709,16.41494763,-2.98034946,24.40206125,24.23773576,-0.673408241,62,92.597,1,0,0,0,1,1,1,1,13.13427904,12.10152211,-1.032756923,51.68,61.22932879,8.855384615,6.383754864,5.744377651,6.137433513,0.393055861,0.696434332,0.991095326,0.294660994,29.65995,22.67719,-23.54274,157685.5,109051.2,-30.84259,5.078871539,2.587396369,-2.491475171,1.424865129,1.387363606,-0.037501523,0
13117,GA,Forsyth,156335.5993,116164.5219,-25.69541266,19.39529709,16.41494763,-2.98034946,5.899915105,3.941072481,-33.20120018,62,92.597,1,0,0,0,1,1,1,1,13.13427904,12.10152211,-1.032756923,14.57553789,14.62000707,3.674579046,2.776010369,5.744377651,6.137433513,0.393055861,0.696434332,0.991095326,0.294660994,8.455431,7.422614,-12.21483,67682.91,63405.32,-6.320045,5.078871539,2.587396369,-2.491475171,1.424865129,1.387363606,-0.037501523,0
13119,GA,Franklin,227686.6901,167567.7911,-26.40422196,19.39529709,16.41494763,-2.98034946,25.38413935,22.99983572,-9.39288742,62,92.597,1,0,0,0,1,1,1,1,13.13427904,12.10152211,-1.032756923,47.80526736,52.48881432,8.672519287,8.668903803,5.744377651,6.137433513,0.393055861,0.696434332,0.991095326,0.294660994,28.13144,24.55417,-12.71628,102229.7,89598.16,-12.356,5.078871539,2.587396369,-2.491475171,1.424865129,1.387363606,-0.037501523,0
13121,GA,Fulton,388634.3536,332337.3095,-14.48586406,19.39529709,16.41494763,-2.98034946,26.79928943,23.61489961,-11.88236665,62,92.597,1,0,0,0,1,1,1,1,13.13427904,12.10152211,-1.032756923,49.59610849,53.46749375,4.79584316,3.484361338,5.744377651,6.137433513,0.393055861,0.696434332,0.991095326,0.294660994,20.5183,24.35553,18.70148,110597.6,153639.9,38.91792,5.078871539,2.587396369,-2.491475171,1.424865129,1.387363606,-0.037501523,0
13123,GA,Gilmer,390363.8101,222731.4606,-42.94259488,19.39529709,16.41494763,-2.98034946,18.05575192,15.5086919,-14.10664053,62,92.597,1,0,0,0,1,1,1,1,13.13427904,12.10152211,-1.032756923,52.1978022,59.84197072,12.42236025,9.900069719,5.744377651,6.137433513,0.393055861,0.696434332,0.991095326,0.294660994,33.67989,25.13714,-25.36454,139136.4,118102.7,-15.11736,5.078871539,2.587396369,-2.491475171,1.424865129,1.387363606,-0.037501523,0
13125,GA,Glascock,,55813.05,,19.39529709,16.41494763,-2.98034946,18.81894873,22.8795869,21.5773911,62,92.597,1,0,0,0,1,1,1,1,13.13427904,12.10152211,-1.032756923,40.0921659,46.45799012,13.51766513,12.02635914,5.744377651,6.137433513,0.393055861,0.696434332,0.991095326,0.294660994,,,,,,,5.078871539,2.587396369,-2.491475171,1.424865129,1.387363606,-0.037501523,0
13127,GA,Glynn,311087.9154,258806.5624,-16.80597361,19.39529709,16.41494763,-2.98034946,23.45967398,23.99941013,2.300697584,62,92.597,1,0,0,0,1,1,1,1,13.13427904,12.10152211,-1.032756923,46.0390625,56.07533414,8.3125,7.070170109,5.744377651,6.137433513,0.393055861,0.696434332,0.991095326,0.294660994,30.77011,25.04694,-18.59977,123151.7,126834.6,2.990519,5.078871539,2.587396369,-2.491475171,1.424865129,1.387363606,-0.037501523,0
13129,GA,Gordon,261224.5311,199466.3722,-23.64179146,19.39529709,16.41494763,-2.98034946,22.34715326,17.53872012,-21.51698289,62,92.597,1,0,0,0,1,1,1,1,13.13427904,12.10152211,-1.032756923,48.01937046,53.98500417,9.404358354,9.238174581,5.744377651,6.137433513,0.393055861,0.696434332,0.991095326,0.294660994,37.65105,28.80112,-23.50514,221572.2,200765.4,-9.390547,5.078871539,2.587396369,-2.491475171,1.424865129,1.387363606,-0.037501523,0
13131,GA,Grady,287451.9095,290701.984,1.130649835,19.39529709,16.41494763,-2.98034946,29.22047632,27.46046277,-6.023219926,62,92.597,1,0,0,0,1,1,1,1,13.13427904,12.10152211,-1.032756923,60.06224066,88.71520343,7.417012448,0,5.744377651,6.137433513,0.393055861,0.696434332,0.991095326,0.294660994,37.06314,31.51682,-14.9645,232163.5,200447,-13.66128,5.078871539,2.587396369,-2.491475171,1.424865129,1.387363606,-0.037501523,0
13133,GA,Greene,193957.7485,136662.3771,-29.54013019,19.39529709,16.41494763,-2.98034946,32.16310283,18.0620294,-43.8423914,62,92.597,1,0,0,0,1,1,1,1,13.13427904,12.10152211,-1.032756923,65.30120482,98.55195911,5.445783133,0,5.744377651,6.137433513,0.393055861,0.696434332,0.991095326,0.294660994,25.95623,21.94109,-15.4689,102300,88269,-13.71554,5.078871539,2.587396369,-2.491475171,1.424865129,1.387363606,-0.037501523,0
13135,GA,Gwinnett,379408.034,289341.1443,-23.73879351,19.39529709,16.41494763,-2.98034946,16.02145811,15.00553611,-6.341008395,62,92.597,1,0,0,0,1,1,1,1,13.13427904,12.10152211,-1.032756923,41.34242381,47.04539536,8.558904716,8.105008283,5.744377651,6.137433513,0.393055861,0.696434332,0.991095326,0.294660994,23.60838,23.77901,0.7227497,200676.1,187131,-6.749699,5.078871539,2.587396369,-2.491475171,1.424865129,1.387363606,-0.037501523,0
13137,GA,Habersham,252712.228,169743.9387,-32.83113363,19.39529709,16.41494763,-2.98034946,16.03509832,13.40891499,-16.37771888,62,92.597,1,0,0,0,1,1,1,1,13.13427904,12.10152211,-1.032756923,44.9394598,50.75617284,8.692952499,8.919753086,5.744377651,6.137433513,0.393055861,0.696434332,0.991095326,0.294660994,33.96656,26.09674,-23.16933,162190.3,141966.3,-12.46935,5.078871539,2.587396369,-2.491475171,1.424865129,1.387363606,-0.037501523,0
13139,GA,Hall,272971.9318,202512.2764,-25.81205142,19.39529709,16.41494763,-2.98034946,19.43736411,19.85870283,2.167674161,62,92.597,1,0,0,0,1,1,1,1,13.13427904,12.10152211,-1.032756923,53.22035999,55.54289296,7.875089067,7.470298299,5.744377651,6.137433513,0.393055861,0.696434332,0.991095326,0.294660994,34.29945,31.51024,-8.13193,176004.8,157905.5,-10.28341,5.078871539,2.587396369,-2.491475171,1.424865129,1.387363606,-0.037501523,0
13141,GA,Hancock,111106.1878,100379.8609,-9.65412204,19.39529709,16.41494763,-2.98034946,32.07303708,31.18442527,-2.770588292,62,92.597,1,0,0,0,1,1,1,1,13.13427904,12.10152211,-1.032756923,75.38586515,100,4.467912266,0,5.744377651,6.137433513,0.393055861,0.696434332,0.991095326,0.294660994,,,,,,,5.078871539,2.587396369,-2.491475171,1.424865129,1.387363606,-0.037501523,0
13143,GA,Haralson,358873.1324,246282.771,-31.37330473,19.39529709,16.41494763,-2.98034946,26.06555478,25.22583403,-3.221572546,62,92.597,1,0,0,0,1,1,1,1,13.13427904,12.10152211,-1.032756923,40.91296202,54.62184874,6.642820644,2.923669468,5.744377651,6.137433513,0.393055861,0.696434332,0.991095326,0.294660994,22.73713,20.42931,-10.14999,81992.94,72524.06,-11.5484,5.078871539,2.587396369,-2.491475171,1.424865129,1.387363606,-0.037501523,0
13145,GA,Harris,76086.28354,55198.49895,-27.45275971,19.39529709,16.41494763,-2.98034946,10.26834041,8.633927496,-15.91701141,62,92.597,1,0,0,0,1,1,1,1,13.13427904,12.10152211,-1.032756923,26.02313167,31.29584352,8.696619217,6.883580967,5.744377651,6.137433513,0.393055861,0.696434332,0.991095326,0.294660994,6.478517,,,47835.75,,,5.078871539,2.587396369,-2.491475171,1.424865129,1.387363606,-0.037501523,0
13147,GA,Hart,327456.2416,301852.3779,-7.819018385,19.39529709,16.41494763,-2.98034946,24.07157683,22.41956141,-6.862929808,62,92.597,1,0,0,0,1,1,1,1,13.13427904,12.10152211,-1.032756923,49.00086881,51.6586334,8.919779902,9.951800397,5.744377651,6.137433513,0.393055861,0.696434332,0.991095326,0.294660994,27.75408,20.24618,-27.05153,112182,86107,-23.24348,5.078871539,2.587396369,-2.491475171,1.424865129,1.387363606,-0.037501523,0
13149,GA,Heard,162005.809,143639.7904,-11.33664203,19.39529709,16.41494763,-2.98034946,30.66728635,26.78933056,-12.6452525,62,92.597,1,0,0,0,1,1,1,1,13.13427904,12.10152211,-1.032756923,51.7273146,55.50572995,13.12759097,11.0612855,5.744377651,6.137433513,0.393055861,0.696434332,0.991095326,0.294660994,,,,,,,5.078871539,2.587396369,-2.491475171,1.424865129,1.387363606,-0.037501523,0
13151,GA,Henry,414309.2425,332384.3805,-19.77384368,19.39529709,16.41494763,-2.98034946,17.12010802,18.05611878,5.467318111,62,92.597,1,0,0,0,1,1,1,1,13.13427904,12.10152211,-1.032756923,35.38150534,43.69503598,9.7574162,8.849964871,5.744377651,6.137433513,0.393055861,0.696434332,0.991095326,0.294660994,18.18092,20.33796,11.86429,144333,170068.5,17.83059,5.078871539,2.587396369,-2.491475171,1.424865129,1.387363606,-0.037501523,0
13153,GA,Houston,362523.728,260544.1691,-28.13045078,19.39529709,16.41494763,-2.98034946,20.05182273,21.10256821,5.240149436,62,92.597,1,0,0,0,1,1,1,1,13.13427904,12.10152211,-1.032756923,39.7506253,50.80295602,10.15044611,6.832231933,5.744377651,6.137433513,0.393055861,0.696434332,0.991095326,0.294660994,28.01159,23.83116,-14.92392,169941.2,145108,-14.61286,5.078871539,2.587396369,-2.491475171,1.424865129,1.387363606,-0.037501523,0
13155,GA,Irwin,203688.6228,160108.8722,-21.39527971,19.39529709,16.41494763,-2.98034946,28.2816104,27.04020808,-4.389432914,62,92.597,1,0,0,0,1,1,1,1,13.13427904,12.10152211,-1.032756923,59.85151342,59.84470327,9.480296973,9.373266778,5.744377651,6.137433513,0.393055861,0.696434332,0.991095326,0.294660994,,,,,,,5.078871539,2.587396369,-2.491475171,1.424865129,1.387363606,-0.037501523,0
13157,GA,Jackson,255860.3463,157277.2194,-38.53005297,19.39529709,16.41494763,-2.98034946,19.65501088,13.1058515,-33.32055844,62,92.597,1,0,0,0,1,1,1,1,13.13427904,12.10152211,-1.032756923,38.32132627,39.50028766,9.13115181,7.80800526,5.744377651,6.137433513,0.393055861,0.696434332,0.991095326,0.294660994,18.78065,18.90687,0.6720887,106237,104109.8,-2.002296,5.078871539,2.587396369,-2.491475171,1.424865129,1.387363606,-0.037501523,0
13159,GA,Jasper,258560.6141,178300.4514,-31.04114019,19.39529709,16.41494763,-2.98034946,28.7470024,22.28298101,-22.48589712,62,92.597,1,0,0,0,1,1,1,1,13.13427904,12.10152211,-1.032756923,58.78378378,60.94674556,10.18018018,8.157227388,5.744377651,6.137433513,0.393055861,0.696434332,0.991095326,0.294660994,,15.87373,,,54089.75,,5.078871539,2.587396369,-2.491475171,1.424865129,1.387363606,-0.037501523,0
13161,GA,Jeff Davis,299448.0557,262063.4929,-12.48449005,19.39529709,16.41494763,-2.98034946,28.76957791,27.91180807,-2.98151696,62,92.597,1,0,0,0,1,1,1,1,13.13427904,12.10152211,-1.032756923,55.65188396,84.95660559,8.402800934,2.475088396,5.744377651,6.137433513,0.393055861,0.696434332,0.991095326,0.294660994,46.68311,,,104741.3,,,5.078871539,2.587396369,-2.491475171,1.424865129,1.387363606,-0.037501523,0
13163,GA,Jefferson,253096.8899,220671.9397,-12.8112796,19.39529709,16.41494763,-2.98034946,33.38255562,36.04696998,7.981457109,62,92.597,1,0,0,0,1,1,1,1,13.13427904,12.10152211,-1.032756923,74.2635157,99.89432899,9.485270314,0,5.744377651,6.137433513,0.393055861,0.696434332,0.991095326,0.294660994,38.12956,30.77793,-19.28065,104278,72249,-30.71501,5.078871539,2.587396369,-2.491475171,1.424865129,1.387363606,-0.037501523,0
13165,GA,Jenkins,178958.7374,127358.4125,-28.83364381,19.39529709,16.41494763,-2.98034946,39.068745,33.22896865,-14.94743778,62,92.597,1,0,0,0,1,1,1,1,13.13427904,12.10152211,-1.032756923,64.40342782,100,11.86552406,0,5.744377651,6.137433513,0.393055861,0.696434332,0.991095326,0.294660994,,,,,,,5.078871539,2.587396369,-2.491475171,1.424865129,1.387363606,-0.037501523,0
13167,GA,Johnson,240675.3618,203426.17,-15.47694433,19.39529709,16.41494763,-2.98034946,30.05177021,22.24248741,-25.98609914,62,92.597,1,0,0,0,1,1,1,1,13.13427904,12.10152211,-1.032756923,62.62376238,62.3609923,9.323432343,9.238665526,5.744377651,6.137433513,0.393055861,0.696434332,0.991095326,0.294660994,,,,,,,5.078871539,2.587396369,-2.491475171,1.424865129,1.387363606,-0.037501523,0
13169,GA,Jones,161152.891,134057.16,-16.81367976,19.39529709,16.41494763,-2.98034946,19.99255875,17.45523102,-12.69136059,62,92.597,1,0,0,0,1,1,1,1,13.13427904,12.10152211,-1.032756923,34.48892066,42.76521419,8.00571837,7.427835999,5.744377651,6.137433513,0.393055861,0.696434332,0.991095326,0.294660994,,,,,,,5.078871539,2.587396369,-2.491475171,1.424865129,1.387363606,-0.037501523,0
13171,GA,Lamar,252317.9744,203139.1485,-19.49081355,19.39529709,16.41494763,-2.98034946,25.53183746,29.84530064,16.89444872,62,92.597,1,0,0,0,1,1,1,1,13.13427904,12.10152211,-1.032756923,55.33279872,61.09445277,12.22935044,10.6071964,5.744377651,6.137433513,0.393055861,0.696434332,0.991095326,0.294660994,23.75649,19.13175,-19.46729,82496.8,86365.5,4.689519,5.078871539,2.587396369,-2.491475171,1.424865129,1.387363606,-0.037501523,0
13173,GA,Lanier,239432.082,206249.6042,-13.8588269,19.39529709,16.41494763,-2.98034946,29.90838129,26.77702045,-10.46984393,62,92.597,1,0,0,0,1,1,1,1,13.13427904,12.10152211,-1.032756923,62.57634647,95.70863919,10.04997224,0,5.744377651,6.137433513,0.393055861,0.696434332,0.991095326,0.294660994,,,,,,,5.078871539,2.587396369,-2.491475171,1.424865129,1.387363606,-0.037501523,0
13175,GA,Laurens,331938.255,290812.1759,-12.38967743,19.39529709,16.41494763,-2.98034946,31.98338633,37.61633468,17.61210741,62,92.597,1,0,0,0,1,1,1,1,13.13427904,12.10152211,-1.032756923,56.21245653,68.18674177,8.209505743,4.982668977,5.744377651,6.137433513,0.393055861,0.696434332,0.991095326,0.294660994,33.76775,34.73456,2.863134,135031.6,139056.9,2.981039,5.078871539,2.587396369,-2.491475171,1.424865129,1.387363606,-0.037501523,0
13177,GA,Lee,211100.7875,425570.7946,101.5960242,19.39529709,16.41494763,-2.98034946,15.60769901,17.6615896,13.15947075,62,92.597,1,0,0,0,1,1,1,1,13.13427904,12.10152211,-1.032756923,30.65262486,35.58366352,9.238870273,7.573910393,5.744377651,6.137433513,0.393055861,0.696434332,0.991095326,0.294660994,32.689,28.88635,-11.63282,276254.8,138394.5,-49.90331,5.078871539,2.587396369,-2.491475171,1.424865129,1.387363606,-0.037501523,0
13179,GA,Liberty,291635.4541,274382.8293,-5.91581871,19.39529709,16.41494763,-2.98034946,17.83997605,20.2665963,13.60214973,62,92.597,1,0,0,0,1,1,1,1,13.13427904,12.10152211,-1.032756923,47.04352851,55.67133075,14.74383667,13.07928947,5.744377651,6.137433513,0.393055861,0.696434332,0.991095326,0.294660994,49.0676,48.9969,-0.144098,412665.6,400984.5,-2.830637,5.078871539,2.587396369,-2.491475171,1.424865129,1.387363606,-0.037501523,0
13181,GA,Lincoln,233087.8833,187870.7214,-19.39919024,19.39529709,16.41494763,-2.98034946,19.80156745,23.27044025,17.51817279,62,92.597,1,0,0,0,1,1,1,1,13.13427904,12.10152211,-1.032756923,53.63589479,58.3543241,10.26302218,6.129303107,5.744377651,6.137433513,0.393055861,0.696434332,0.991095326,0.294660994,,,,,,,5.078871539,2.587396369,-2.491475171,1.424865129,1.387363606,-0.037501523,0
13183,GA,Long,83166.51517,82140.36875,-1.233845641,19.39529709,16.41494763,-2.98034946,27.7758573,21.75684027,-21.6699595,62,92.597,1,0,0,0,1,1,1,1,13.13427904,12.10152211,-1.032756923,59.44020356,59.00030665,12.56997455,12.54216498,5.744377651,6.137433513,0.393055861,0.696434332,0.991095326,0.294660994,,,,,,,5.078871539,2.587396369,-2.491475171,1.424865129,1.387363606,-0.037501523,0
13185,GA,Lowndes,422705.8643,333756.0513,-21.04295693,19.39529709,16.41494763,-2.98034946,25.42119445,26.18934578,3.021696461,62,92.597,1,0,0,0,1,1,1,1,13.13427904,12.10152211,-1.032756923,50.92466531,67.0066019,8.407079646,4.519349471,5.744377651,6.137433513,0.393055861,0.696434332,0.991095326,0.294660994,34.6281,28.57367,-17.48416,201389.3,192539.5,-4.394403,5.078871539,2.587396369,-2.491475171,1.424865129,1.387363606,-0.037501523,0
13187,GA,Lumpkin,261155.1883,172650.14,-33.8898296,19.39529709,16.41494763,-2.98034946,19.17728982,12.63820541,-34.09806324,62,92.597,1,0,0,0,1,1,1,1,13.13427904,12.10152211,-1.032756923,43.00991132,42.30045687,10.3286385,8.680462241,5.744377651,6.137433513,0.393055861,0.696434332,0.991095326,0.294660994,17.14422,13.21113,-22.94118,116559.3,101101.5,-13.26171,5.078871539,2.587396369,-2.491475171,1.424865129,1.387363606,-0.037501523,0
13189,GA,McDuffie,437980.515,344272.2679,-21.39552877,19.39529709,16.41494763,-2.98034946,31.95809524,34.25474255,7.186433648,62,92.597,1,0,0,0,1,1,1,1,13.13427904,12.10152211,-1.032756923,58.60713283,65.8411215,10.47458579,9.41588785,5.744377651,6.137433513,0.393055861,0.696434332,0.991095326,0.294660994,39.96745,26.92051,-32.64391,174106.2,116635.8,-33.00882,5.078871539,2.587396369,-2.491475171,1.424865129,1.387363606,-0.037501523,0
13191,GA,McIntosh,177452.02,161423.4406,-9.032627166,19.39529709,16.41494763,-2.98034946,21.99469755,21.09787885,-4.077431371,62,92.597,1,0,0,0,1,1,1,1,13.13427904,12.10152211,-1.032756923,69.81132075,80.24691358,11.70921199,3.518518519,5.744377651,6.137433513,0.393055861,0.696434332,0.991095326,0.294660994,,,,,,,5.078871539,2.587396369,-2.491475171,1.424865129,1.387363606,-0.037501523,0
13193,GA,Macon,171920.3484,150022.6781,-12.7371021,19.39529709,16.41494763,-2.98034946,25.09045681,26.61079802,6.059440144,62,92.597,1,0,0,0,1,1,1,1,13.13427904,12.10152211,-1.032756923,69.89768444,69.73275326,12.33171782,12.36793039,5.744377651,6.137433513,0.393055861,0.696434332,0.991095326,0.294660994,34.2098,27.3352,-20.0954,75848.84,97470.5,28.50626,5.078871539,2.587396369,-2.491475171,1.424865129,1.387363606,-0.037501523,0
13195,GA,Madison,203500.1145,120832.6005,-40.62283414,19.39529709,16.41494763,-2.98034946,22.22617354,17.65800347,-20.55311077,62,92.597,1,0,0,0,1,1,1,1,13.13427904,12.10152211,-1.032756923,45.33554955,51.81293778,10.86640349,9.105892048,5.744377651,6.137433513,0.393055861,0.696434332,0.991095326,0.294660994,18.07094,16.15841,-10.58349,101229.8,112793.8,11.42347,5.078871539,2.587396369,-2.491475171,1.424865129,1.387363606,-0.037501523,0
13197,GA,Marion,139075.848,151246.9392,8.751405319,19.39529709,16.41494763,-2.98034946,29.51269732,27.54621589,-6.6631708,62,92.597,1,0,0,0,1,1,1,1,13.13427904,12.10152211,-1.032756923,58.58873842,66.82825485,12.18816821,9.002770083,5.744377651,6.137433513,0.393055861,0.696434332,0.991095326,0.294660994,,,,,,,5.078871539,2.587396369,-2.491475171,1.424865129,1.387363606,-0.037501523,0
13199,GA,Meriwether,218077.7778,191373.1806,-12.24544632,19.39529709,16.41494763,-2.98034946,34.21319874,32.12448681,-6.104988734,62,92.597,1,0,0,0,1,1,1,1,13.13427904,12.10152211,-1.032756923,68.00841093,82.07610147,12.67647942,4.839786382,5.744377651,6.137433513,0.393055861,0.696434332,0.991095326,0.294660994,30.11378,22.8249,-24.20447,115089.8,97110.8,-15.62174,5.078871539,2.587396369,-2.491475171,1.424865129,1.387363606,-0.037501523,0
13201,GA,Miller,242432.2191,217654.7969,-10.22035038,19.39529709,16.41494763,-2.98034946,29.33333333,32.27277911,10.02083787,62,92.597,1,0,0,0,1,1,1,1,13.13427904,12.10152211,-1.032756923,58.99543379,90.11857708,9.406392694,0,5.744377651,6.137433513,0.393055861,0.696434332,0.991095326,0.294660994,,,,,,,5.078871539,2.587396369,-2.491475171,1.424865129,1.387363606,-0.037501523,0
13205,GA,Mitchell,234415.8716,250347.888,6.796475126,19.39529709,16.41494763,-2.98034946,35.96405368,36.09641518,0.36803833,62,92.597,1,0,0,0,1,1,1,1,13.13427904,12.10152211,-1.032756923,65.89097177,96.12721211,8.080155139,0,5.744377651,6.137433513,0.393055861,0.696434332,0.991095326,0.294660994,29.76698,25.76478,-13.4451,119013.3,119260,0.2072575,5.078871539,2.587396369,-2.491475171,1.424865129,1.387363606,-0.037501523,0
13207,GA,Monroe,200726.5813,170511.7364,-15.05273726,19.39529709,16.41494763,-2.98034946,16.96059138,17.60922763,3.824372822,62,92.597,1,0,0,0,1,1,1,1,13.13427904,12.10152211,-1.032756923,46.09238452,49.54264524,9.662921348,8.355995056,5.744377651,6.137433513,0.393055861,0.696434332,0.991095326,0.294660994,,13.97931,,,93091.75,,5.078871539,2.587396369,-2.491475171,1.424865129,1.387363606,-0.037501523,0
13209,GA,Montgomery,88089.17186,103163.1534,17.11218443,19.39529709,16.41494763,-2.98034946,23.30191092,21.52360833,-7.631574061,62,92.597,1,0,0,0,1,1,1,1,13.13427904,12.10152211,-1.032756923,67.78584392,36.27552786,8.983666062,0,5.744377651,6.137433513,0.393055861,0.696434332,0.991095326,0.294660994,21.28865,,,47367.25,,,5.078871539,2.587396369,-2.491475171,1.424865129,1.387363606,-0.037501523,0
13211,GA,Morgan,287317.4802,183886.5673,-35.9988236,19.39529709,16.41494763,-2.98034946,24.55040669,15.85142413,-35.43315053,62,92.597,1,0,0,0,1,1,1,1,13.13427904,12.10152211,-1.032756923,40.4331059,43.21140732,6.941560368,4.866707998,5.744377651,6.137433513,0.393055861,0.696434332,0.991095326,0.294660994,,,,,,,5.078871539,2.587396369,-2.491475171,1.424865129,1.387363606,-0.037501523,0
13213,GA,Murray,202313.5974,135801.5196,-32.87573287,19.39529709,16.41494763,-2.98034946,27.40276236,20.18103827,-26.35400035,62,92.597,1,0,0,0,1,1,1,1,13.13427904,12.10152211,-1.032756923,58.42187095,64.9125081,12.68463332,10.65456902,5.744377651,6.137433513,0.393055861,0.696434332,0.991095326,0.294660994,31.67738,22.59705,-28.66503,214033.5,127163.3,-40.5872,5.078871539,2.587396369,-2.491475171,1.424865129,1.387363606,-0.037501523,0
13215,GA,Muscogee,461036.5058,354884.9673,-23.02454083,19.39529709,16.41494763,-2.98034946,28.90302025,30.10211152,4.148671172,62,92.597,1,0,0,0,1,1,1,1,13.13427904,12.10152211,-1.032756923,52.82013819,68.3100334,8.267129334,4.466163553,5.744377651,6.137433513,0.393055861,0.696434332,0.991095326,0.294660994,36.59655,31.78683,-13.14254,162633.3,197091.3,21.1875,5.078871539,2.587396369,-2.491475171,1.424865129,1.387363606,-0.037501523,0
13217,GA,Newton,507607.2444,400202.6521,-21.15899516,19.39529709,16.41494763,-2.98034946,28.91797888,22.04783968,-23.75732837,62,92.597,1,0,0,0,1,1,1,1,13.13427904,12.10152211,-1.032756923,50.15858856,59.67635235,10.30825652,8.910488016,5.744377651,6.137433513,0.393055861,0.696434332,0.991095326,0.294660994,33.38472,21.8233,-34.63088,252658.2,158226.7,-37.37518,5.078871539,2.587396369,-2.491475171,1.424865129,1.387363606,-0.037501523,0
13219,GA,Oconee,443332.1529,309634.811,-30.15737547,19.39529709,16.41494763,-2.98034946,7.107006421,5.805363515,-18.31492515,62,92.597,1,0,0,0,1,1,1,1,13.13427904,12.10152211,-1.032756923,15.68445476,17.01794361,5.259087394,4.699515807,5.744377651,6.137433513,0.393055861,0.696434332,0.991095326,0.294660994,18.79599,17.77593,-5.427016,122279.2,119521.8,-2.255008,5.078871539,2.587396369,-2.491475171,1.424865129,1.387363606,-0.037501523,0
13221,GA,Oglethorpe,159431.1834,171493.5065,7.565849329,19.39529709,16.41494763,-2.98034946,20.25863033,14.07035176,-30.54638183,62,92.597,1,0,0,0,1,1,1,1,13.13427904,12.10152211,-1.032756923,44.08029496,50.66059226,10.97910692,8.291571754,5.744377651,6.137433513,0.393055861,0.696434332,0.991095326,0.294660994,,,,,,,5.078871539,2.587396369,-2.491475171,1.424865129,1.387363606,-0.037501523,0
13223,GA,Paulding,409149.6941,320085.1039,-21.76821625,19.39529709,16.41494763,-2.98034946,13.91309032,14.27886478,2.628995113,62,92.597,1,0,0,0,1,1,1,1,13.13427904,12.10152211,-1.032756923,27.93207706,34.18281382,9.063422866,7.884021342,5.744377651,6.137433513,0.393055861,0.696434332,0.991095326,0.294660994,12.96494,12.09726,-6.69255,144018.9,125120.2,-13.12238,5.078871539,2.587396369,-2.491475171,1.424865129,1.387363606,-0.037501523,0
13225,GA,Peach,270289.3872,251455.2633,-6.968132978,19.39529709,16.41494763,-2.98034946,33.092616,28.89868117,-12.67332516,62,92.597,1,0,0,0,1,1,1,1,13.13427904,12.10152211,-1.032756923,62.19542828,,7.359959809,,5.744377651,6.137433513,0.393055861,0.696434332,0.991095326,0.294660994,24.37543,18.86315,-22.61405,164753.5,74434,-54.82099,5.078871539,2.587396369,-2.491475171,1.424865129,1.387363606,-0.037501523,0
13227,GA,Pickens,308526.2259,228584.209,-25.91093081,19.39529709,16.41494763,-2.98034946,19.8826634,14.42471646,-27.45078382,62,92.597,1,0,0,0,1,1,1,1,13.13427904,12.10152211,-1.032756923,40.1741849,44.08651634,10.13845467,10.03221353,5.744377651,6.137433513,0.393055861,0.696434332,0.991095326,0.294660994,17.22757,16.70336,-3.042844,76448.57,48887.4,-36.05191,5.078871539,2.587396369,-2.491475171,1.424865129,1.387363606,-0.037501523,0
13229,GA,Pierce,135570.6556,161965.2051,19.46922026,19.39529709,16.41494763,-2.98034946,25.48246082,24.01550793,-5.756715959,62,92.597,1,0,0,0,1,1,1,1,13.13427904,12.10152211,-1.032756923,47.49859472,49.27807487,8.712759978,8.582887701,5.744377651,6.137433513,0.393055861,0.696434332,0.991095326,0.294660994,22.3043,18.79935,-15.71423,101350.8,70851,-30.09327,5.078871539,2.587396369,-2.491475171,1.424865129,1.387363606,-0.037501523,0
13231,GA,Pike,131679.2522,104667.9035,-20.51298763,19.39529709,16.41494763,-2.98034946,18.73822449,18.25688755,-2.568743558,62,92.597,1,0,0,0,1,1,1,1,13.13427904,12.10152211,-1.032756923,35.2679674,33.78889212,8.199555446,7.414946205,5.744377651,6.137433513,0.393055861,0.696434332,0.991095326,0.294660994,,,,,,,5.078871539,2.587396369,-2.491475171,1.424865129,1.387363606,-0.037501523,0
13233,GA,Polk,295220.187,252463.7747,-14.48288909,19.39529709,16.41494763,-2.98034946,28.53928069,29.69649398,4.054808891,62,92.597,1,0,0,0,1,1,1,1,13.13427904,12.10152211,-1.032756923,54.26788796,83.18446602,7.792380194,0,5.744377651,6.137433513,0.393055861,0.696434332,0.991095326,0.294660994,36.6526,30.61804,-16.4642,220339.7,180156.6,-18.2369,5.078871539,2.587396369,-2.491475171,1.424865129,1.387363606,-0.037501523,0
13235,GA,Pulaski,173217.8226,177132.09,2.259737081,19.39529709,16.41494763,-2.98034946,20.16375243,20.65915691,2.456906203,62,92.597,1,0,0,0,1,1,1,1,13.13427904,12.10152211,-1.032756923,55.91054313,64.25531915,9.45686901,5.460992908,5.744377651,6.137433513,0.393055861,0.696434332,0.991095326,0.294660994,,,,,,,5.078871539,2.587396369,-2.491475171,1.424865129,1.387363606,-0.037501523,0
13237,GA,Putnam,244183.2799,142731.0667,-41.54756757,19.39529709,16.41494763,-2.98034946,24.55855092,23.63605026,-3.756331773,62,92.597,1,0,0,0,1,1,1,1,13.13427904,12.10152211,-1.032756923,63.13112968,67.63972944,10.93352706,8.081167675,5.744377651,6.137433513,0.393055861,0.696434332,0.991095326,0.294660994,26.54025,20.63624,-22.24548,135687,109361.8,-19.40145,5.078871539,2.587396369,-2.491475171,1.424865129,1.387363606,-0.037501523,0
13239,GA,Quitman,31676.69552,,,19.39529709,16.41494763,-2.98034946,35.41583764,32.7833261,-7.433147775,62,92.597,1,0,0,0,1,1,1,1,13.13427904,12.10152211,-1.032756923,93.2642487,100,5.18134715,0,5.744377651,6.137433513,0.393055861,0.696434332,0.991095326,0.294660994,,,,,,,5.078871539,2.587396369,-2.491475171,1.424865129,1.387363606,-0.037501523,0
13241,GA,Rabun,239046.2144,202370.059,-15.34270497,19.39529709,16.41494763,-2.98034946,16.48644221,13.56017295,-17.74954973,62,92.597,1,0,0,0,1,1,1,1,13.13427904,12.10152211,-1.032756923,50.08532423,55.38802661,13.05460751,10.73170732,5.744377651,6.137433513,0.393055861,0.696434332,0.991095326,0.294660994,24.43346,20.05645,-17.91398,101802,65372,-35.78515,5.078871539,2.587396369,-2.491475171,1.424865129,1.387363606,-0.037501523,0
13243,GA,Randolph,258452.8758,162125.1986,-37.27088621,19.39529709,16.41494763,-2.98034946,32.95979617,33.78283958,2.49711314,62,92.597,1,0,0,0,1,1,1,1,13.13427904,12.10152211,-1.032756923,81.40589569,82.63821532,7.860922147,7.662463628,5.744377651,6.137433513,0.393055861,0.696434332,0.991095326,0.294660994,34.38513,31.15177,-9.403378,61515,57062.25,-7.238478,5.078871539,2.587396369,-2.491475171,1.424865129,1.387363606,-0.037501523,0
13245,GA,Richmond,421034.6441,352792.2489,-16.20826127,19.39529709,16.41494763,-2.98034946,36.21725031,34.02498829,-6.053087976,62,92.597,1,0,0,0,1,1,1,1,13.13427904,12.10152211,-1.032756923,64.37178341,96.76761337,7.873894419,0,5.744377651,6.137433513,0.393055861,0.696434332,0.991095326,0.294660994,32.1927,25.46784,-20.88939,173415.1,177912.2,2.593235,5.078871539,2.587396369,-2.491475171,1.424865129,1.387363606,-0.037501523,0
13247,GA,Rockdale,480317.385,357700.0601,-25.52839617,19.39529709,16.41494763,-2.98034946,27.11377105,25.64145936,-5.4301251,62,92.597,1,0,0,0,1,1,1,1,13.13427904,12.10152211,-1.032756923,49.98415415,60.03647416,9.906826393,8.182370821,5.744377651,6.137433513,0.393055861,0.696434332,0.991095326,0.294660994,28.71269,21.52413,-25.03616,159642.5,123146.7,-22.86095,5.078871539,2.587396369,-2.491475171,1.424865129,1.387363606,-0.037501523,0
13249,GA,Schley,182458.164,378473.552,107.4303192,19.39529709,16.41494763,-2.98034946,18.52960745,20.03422446,8.120069532,62,92.597,1,0,0,0,1,1,1,1,13.13427904,12.10152211,-1.032756923,36.6643209,41.90751445,14.8486981,13.7283237,5.744377651,6.137433513,0.393055861,0.696434332,0.991095326,0.294660994,,,,,,,5.078871539,2.587396369,-2.491475171,1.424865129,1.387363606,-0.037501523,0
13251,GA,Screven,201993.1239,182846.3995,-9.478899098,19.39529709,16.41494763,-2.98034946,34.45144933,30.40548514,-11.74395929,62,92.597,1,0,0,0,1,1,1,1,13.13427904,12.10152211,-1.032756923,62.33218259,63.27396098,15.72688914,18.10856658,5.744377651,6.137433513,0.393055861,0.696434332,0.991095326,0.294660994,,26.42508,,,93822.25,,5.078871539,2.587396369,-2.491475171,1.424865129,1.387363606,-0.037501523,0
13253,GA,Seminole,249334.87,312554.8414,25.35544725,19.39529709,16.41494763,-2.98034946,35.95295376,37.61910295,4.634248432,62,92.597,1,0,0,0,1,1,1,1,13.13427904,12.10152211,-1.032756923,67.25826193,92.22829387,7.6499388,0,5.744377651,6.137433513,0.393055861,0.696434332,0.991095326,0.294660994,44.80574,31.23147,-30.29581,101944.3,69857,-31.47529,5.078871539,2.587396369,-2.491475171,1.424865129,1.387363606,-0.037501523,0
13255,GA,Spalding,539499.2027,407403.6785,-24.48484141,19.39529709,16.41494763,-2.98034946,37.10871454,30.16563567,-18.71010341,62,92.597,1,0,0,0,1,1,1,1,13.13427904,12.10152211,-1.032756923,61.1144822,69.80141302,8.090614887,6.77869009,5.744377651,6.137433513,0.393055861,0.696434332,0.991095326,0.294660994,38.86834,24.28775,-37.51277,191617.9,155113.7,-19.05052,5.078871539,2.587396369,-2.491475171,1.424865129,1.387363606,-0.037501523,0
13257,GA,Stephens,415826.6197,329761.1131,-20.69744996,19.39529709,16.41494763,-2.98034946,30.83731296,29.55882353,-4.145917091,62,92.597,1,0,0,0,1,1,1,1,13.13427904,12.10152211,-1.032756923,46.29944188,76.4749082,9.487988352,2.374541004,5.744377651,6.137433513,0.393055861,0.696434332,0.991095326,0.294660994,32.91481,27.37291,-16.8371,140250,118118.7,-15.77992,5.078871539,2.587396369,-2.491475171,1.424865129,1.387363606,-0.037501523,0
13259,GA,Stewart,351800.0961,200193.5111,-43.09452633,19.39529709,16.41494763,-2.98034946,29.8090679,28.02833189,-5.973806418,62,92.597,1,0,0,0,1,1,1,1,13.13427904,12.10152211,-1.032756923,83.88888889,94.37984496,10.92592593,0,5.744377651,6.137433513,0.393055861,0.696434332,0.991095326,0.294660994,39.66032,,,36265.4,,,5.078871539,2.587396369,-2.491475171,1.424865129,1.387363606,-0.037501523,0
13261,GA,Sumter,427659.4313,297590.199,-30.41420878,19.39529709,16.41494763,-2.98034946,42.71153905,41.09744991,-3.779047008,62,92.597,1,0,0,0,1,1,1,1,13.13427904,12.10152211,-1.032756923,73.69038311,98.66248694,10.39874902,0,5.744377651,6.137433513,0.393055861,0.696434332,0.991095326,0.294660994,55.92946,40.93135,-26.81611,180691.3,161443.5,-10.65231,5.078871539,2.587396369,-2.491475171,1.424865129,1.387363606,-0.037501523,0
13263,GA,Talbot,52648.1837,47835.25029,-9.141689379,19.39529709,16.41494763,-2.98034946,30.63850449,28.26556979,-7.744942963,62,92.597,1,0,0,0,1,1,1,1,13.13427904,12.10152211,-1.032756923,78.26086957,78.28571429,11.33540373,10.47619048,5.744377651,6.137433513,0.393055861,0.696434332,0.991095326,0.294660994,,,,,,,5.078871539,2.587396369,-2.491475171,1.424865129,1.387363606,-0.037501523,0
13265,GA,Taliaferro,,,,19.39529709,16.41494763,-2.98034946,40.18637158,44.97354497,11.91243003,62,92.597,1,0,0,0,1,1,1,1,13.13427904,12.10152211,-1.032756923,82.22222222,82.19895288,11.11111111,10.9947644,5.744377651,6.137433513,0.393055861,0.696434332,0.991095326,0.294660994,,,,,,,5.078871539,2.587396369,-2.491475171,1.424865129,1.387363606,-0.037501523,0
13267,GA,Tattnall,142031.901,132839.0665,-6.472373071,19.39529709,16.41494763,-2.98034946,19.62839603,19.14302718,-2.472789174,62,92.597,1,0,0,0,1,1,1,1,13.13427904,12.10152211,-1.032756923,59.62663695,88.71181939,11.78601282,0,5.744377651,6.137433513,0.393055861,0.696434332,0.991095326,0.294660994,38.56902,28.34049,-26.52006,128175.9,119899.2,-6.457296,5.078871539,2.587396369,-2.491475171,1.424865129,1.387363606,-0.037501523,0
13269,GA,Taylor,178762.6327,113051.7123,-36.75875623,19.39529709,16.41494763,-2.98034946,33.57287222,26.87234384,-19.95816247,62,92.597,1,0,0,0,1,1,1,1,13.13427904,12.10152211,-1.032756923,60.19543974,72.19945355,10.09771987,7.581967213,5.744377651,6.137433513,0.393055861,0.696434332,0.991095326,0.294660994,33.63719,,,73219.75,,,5.078871539,2.587396369,-2.491475171,1.424865129,1.387363606,-0.037501523,0
13271,GA,Telfair,219070.1176,180556.6599,-17.58042496,19.39529709,16.41494763,-2.98034946,21.84343434,19.2657767,-11.80060609,62,92.597,1,0,0,0,1,1,1,1,13.13427904,12.10152211,-1.032756923,63.79018613,93.65910413,10.15228426,0,5.744377651,6.137433513,0.393055861,0.696434332,0.991095326,0.294660994,38.73925,20.21482,-47.81826,85452.34,66098.4,-22.64881,5.078871539,2.587396369,-2.491475171,1.424865129,1.387363606,-0.037501523,0
13273,GA,Terrell,288723.5276,346126.1261,19.8815105,19.39529709,16.41494763,-2.98034946,48.77437824,44.20815474,-9.361930721,62,92.597,1,0,0,0,1,1,1,1,13.13427904,12.10152211,-1.032756923,60.71428571,79.58079784,10.84656085,5.409060176,5.744377651,6.137433513,0.393055861,0.696434332,0.991095326,0.294660994,,,,,,,5.078871539,2.587396369,-2.491475171,1.424865129,1.387363606,-0.037501523,0
13275,GA,Thomas,259410.5017,225673.9942,-13.00506623,19.39529709,16.41494763,-2.98034946,27.63864043,32.01370694,15.82952868,62,92.597,1,0,0,0,1,1,1,1,13.13427904,12.10152211,-1.032756923,54.21601137,72.90292722,9.201800095,1.550387597,5.744377651,6.137433513,0.393055861,0.696434332,0.991095326,0.294660994,29.81963,22.25901,-25.35449,113933.3,99551.2,-12.62329,5.078871539,2.587396369,-2.491475171,1.424865129,1.387363606,-0.037501523,0
13277,GA,Tift,291212.3109,258573.9349,-11.2077597,19.39529709,16.41494763,-2.98034946,29.91383751,30.44627802,1.779913735,62,92.597,1,0,0,0,1,1,1,1,13.13427904,12.10152211,-1.032756923,55.90551181,94.71165953,7.598425197,0,5.744377651,6.137433513,0.393055861,0.696434332,0.991095326,0.294660994,53.50219,38.22168,-28.56053,189727.7,142685,-24.79484,5.078871539,2.587396369,-2.491475171,1.424865129,1.387363606,-0.037501523,0
13279,GA,Toombs,403990.5306,366557.7612,-9.265754157,19.39529709,16.41494763,-2.98034946,36.27447379,30.07435765,-17.09222902,62,92.597,1,0,0,0,1,1,1,1,13.13427904,12.10152211,-1.032756923,62.9709753,82.39700375,8.256715342,3.745318352,5.744377651,6.137433513,0.393055861,0.696434332,0.991095326,0.294660994,51.47791,44.19689,-14.14397,144565.4,172462.6,19.29727,5.078871539,2.587396369,-2.491475171,1.424865129,1.387363606,-0.037501523,0
13281,GA,Towns,143928.4557,97194.23688,-32.47045109,19.39529709,16.41494763,-2.98034946,18.40002547,10.79458927,-41.33383518,62,92.597,1,0,0,0,1,1,1,1,13.13427904,12.10152211,-1.032756923,41.65931156,46.49446494,12.0917917,9.963099631,5.744377651,6.137433513,0.393055861,0.696434332,0.991095326,0.294660994,,,,,,,5.078871539,2.587396369,-2.491475171,1.424865129,1.387363606,-0.037501523,0
13283,GA,Treutlen,135132.0516,104516.9324,-22.65570516,19.39529709,16.41494763,-2.98034946,33.51488744,32.48211202,-3.081542263,62,92.597,1,0,0,0,1,1,1,1,13.13427904,12.10152211,-1.032756923,62.73031826,100,10.8040201,0,5.744377651,6.137433513,0.393055861,0.696434332,0.991095326,0.294660994,39.53252,,,69132.5,,,5.078871539,2.587396369,-2.491475171,1.424865129,1.387363606,-0.037501523,0
13285,GA,Troup,406858.6934,275313.7314,-32.33185481,19.39529709,16.41494763,-2.98034946,26.69888431,25.16834655,-5.732590729,62,92.597,1,0,0,0,1,1,1,1,13.13427904,12.10152211,-1.032756923,52.58654836,57.17214731,7.51010061,7.404778803,5.744377651,6.137433513,0.393055861,0.696434332,0.991095326,0.294660994,31.23651,33.94777,8.679777,133523.6,193694.7,45.064,5.078871539,2.587396369,-2.491475171,1.424865129,1.387363606,-0.037501523,0
13287,GA,Turner,159054.4779,111570.5464,-29.85387911,19.39529709,16.41494763,-2.98034946,37.99925345,37.77791604,-0.582478307,62,92.597,1,0,0,0,1,1,1,1,13.13427904,12.10152211,-1.032756923,68.48739496,95.59748428,8.943577431,0,5.744377651,6.137433513,0.393055861,0.696434332,0.991095326,0.294660994,,,,,,,5.078871539,2.587396369,-2.491475171,1.424865129,1.387363606,-0.037501523,0
13289,GA,Twiggs,83440.46191,57431.60898,-31.17055244,19.39529709,16.41494763,-2.98034946,28.53818021,30.17154795,5.723447435,62,92.597,1,0,0,0,1,1,1,1,13.13427904,12.10152211,-1.032756923,76.76056338,93.80434783,10.06036217,0,5.744377651,6.137433513,0.393055861,0.696434332,0.991095326,0.294660994,,,,,,,5.078871539,2.587396369,-2.491475171,1.424865129,1.387363606,-0.037501523,0
13291,GA,Union,272271.1691,190142.124,-30.16442961,19.39529709,16.41494763,-2.98034946,17.90285322,12.90578701,-27.91212189,62,92.597,1,0,0,0,1,1,1,1,13.13427904,12.10152211,-1.032756923,33.07064453,48.86613021,9.710104137,11.85076811,5.744377651,6.137433513,0.393055861,0.696434332,0.991095326,0.294660994,17.8026,17.07286,-4.099023,75394,61038.33,-19.04086,5.078871539,2.587396369,-2.491475171,1.424865129,1.387363606,-0.037501523,0
13293,GA,Upson,300863.081,216550.3492,-28.02362173,19.39529709,16.41494763,-2.98034946,34.30560159,35.02649729,2.101393541,62,92.597,1,0,0,0,1,1,1,1,13.13427904,12.10152211,-1.032756923,56.42123288,82.35432331,9.524828767,0,5.744377651,6.137433513,0.393055861,0.696434332,0.991095326,0.294660994,28.03897,27.58089,-1.633734,96327.88,183619.8,90.61954,5.078871539,2.587396369,-2.491475171,1.424865129,1.387363606,-0.037501523,0
13295,GA,Walker,213247.7279,173942.6486,-18.43165207,19.39529709,16.41494763,-2.98034946,22.05262086,17.08349865,-22.53302339,62,92.597,1,0,0,0,1,1,1,1,13.13427904,12.10152211,-1.032756923,50.60026261,54.08852927,12.15531795,11.78486435,5.744377651,6.137433513,0.393055861,0.696434332,0.991095326,0.294660994,20.55544,16.48643,-19.79529,133341.1,112262.7,-15.80787,5.078871539,2.587396369,-2.491475171,1.424865129,1.387363606,-0.037501523,0
13297,GA,Walton,317371.6902,265394.1789,-16.37748825,19.39529709,16.41494763,-2.98034946,21.6480836,15.99525397,-26.11237896,62,92.597,1,0,0,0,1,1,1,1,13.13427904,12.10152211,-1.032756923,41.86778594,43.83619392,7.750961875,8.099969889,5.744377651,6.137433513,0.393055861,0.696434332,0.991095326,0.294660994,16.33499,27.21529,66.60734,107901.4,191811.1,77.76517,5.078871539,2.587396369,-2.491475171,1.424865129,1.387363606,-0.037501523,0
13299,GA,Ware,348120.4668,302990.3388,-12.96393987,19.39529709,16.41494763,-2.98034946,29.21440112,31.3482205,7.303998389,62,92.597,1,0,0,0,1,1,1,1,13.13427904,12.10152211,-1.032756923,56.25513727,90.02942138,8.630609896,0,5.744377651,6.137433513,0.393055861,0.696434332,0.991095326,0.294660994,48.82022,45.31242,-7.185155,175674.7,180348.4,2.660448,5.078871539,2.587396369,-2.491475171,1.424865129,1.387363606,-0.037501523,0
13301,GA,Warren,168882.6101,125946.0558,-25.42390494,19.39529709,16.41494763,-2.98034946,34.55319392,36.01746672,4.237735007,62,92.597,1,0,0,0,1,1,1,1,13.13427904,12.10152211,-1.032756923,78.3269962,98.64457831,9.759188847,0,5.744377651,6.137433513,0.393055861,0.696434332,0.991095326,0.294660994,,,,,,,5.078871539,2.587396369,-2.491475171,1.424865129,1.387363606,-0.037501523,0
13303,GA,Washington,398483.3585,267105.4949,-32.96947308,19.39529709,16.41494763,-2.98034946,28.57884552,31.1198167,8.891091076,62,92.597,1,0,0,0,1,1,1,1,13.13427904,12.10152211,-1.032756923,53.76575469,82.40178857,13.89486628,0,5.744377651,6.137433513,0.393055861,0.696434332,0.991095326,0.294660994,35.68276,32.43647,-9.097659,148968.4,169310.3,13.65514,5.078871539,2.587396369,-2.491475171,1.424865129,1.387363606,-0.037501523,0
13305,GA,Wayne,335203.4109,328186.7872,-2.093243519,19.39529709,16.41494763,-2.98034946,30.87588735,43.48770552,40.84682013,62,92.597,1,0,0,0,1,1,1,1,13.13427904,12.10152211,-1.032756923,54.08524102,59.66095516,8.37520938,7.892818082,5.744377651,6.137433513,0.393055861,0.696434332,0.991095326,0.294660994,36.16807,28.77218,-20.44867,133528,217985.3,63.25059,5.078871539,2.587396369,-2.491475171,1.424865129,1.387363606,-0.037501523,0
13307,GA,Webster,,,,19.39529709,16.41494763,-2.98034946,30.69548648,25.83807717,-15.82450671,62,92.597,1,0,0,0,1,1,1,1,13.13427904,12.10152211,-1.032756923,62.81310212,62.79620853,11.75337187,13.74407583,5.744377651,6.137433513,0.393055861,0.696434332,0.991095326,0.294660994,,,,,,,5.078871539,2.587396369,-2.491475171,1.424865129,1.387363606,-0.037501523,0
13309,GA,Wheeler,107376.28,84404.716,-21.3935182,19.39529709,16.41494763,-2.98034946,24.0084445,19.78599468,-17.58735274,62,92.597,1,0,0,0,1,1,1,1,13.13427904,12.10152211,-1.032756923,70.92907093,100,9.290709291,0,5.744377651,6.137433513,0.393055861,0.696434332,0.991095326,0.294660994,,,,,,,5.078871539,2.587396369,-2.491475171,1.424865129,1.387363606,-0.037501523,0
13311,GA,White,333606.5959,271317.222,-18.67150552,19.39529709,16.41494763,-2.98034946,19.43339228,15.28941624,-21.32399728,62,92.597,1,0,0,0,1,1,1,1,13.13427904,12.10152211,-1.032756923,42.54714544,52.54237288,11.05657453,8.642205252,5.744377651,6.137433513,0.393055861,0.696434332,0.991095326,0.294660994,17.87469,14.81576,-17.11321,89809.6,102065.8,13.64681,5.078871539,2.587396369,-2.491475171,1.424865129,1.387363606,-0.037501523,0
13313,GA,Whitfield,278012.1267,210282.7096,-24.36203699,19.39529709,16.41494763,-2.98034946,19.15629457,16.22890539,-15.28160455,62,92.597,1,0,0,0,1,1,1,1,13.13427904,12.10152211,-1.032756923,58.76594482,62.32899253,10.5309997,10.98208829,5.744377651,6.137433513,0.393055861,0.696434332,0.991095326,0.294660994,67.42468,50.35584,-25.31542,263372,289151.6,9.78828,5.078871539,2.587396369,-2.491475171,1.424865129,1.387363606,-0.037501523,0
13315,GA,Wilcox,121312.18,97351.6414,-19.75114007,19.39529709,16.41494763,-2.98034946,27.8678192,24.02978339,-13.77228615,62,92.597,1,0,0,0,1,1,1,1,13.13427904,12.10152211,-1.032756923,76.55677656,,7.399267399,,5.744377651,6.137433513,0.393055861,0.696434332,0.991095326,0.294660994,,,,,,,5.078871539,2.587396369,-2.491475171,1.424865129,1.387363606,-0.037501523,0
13317,GA,Wilkes,275792.2917,191555.124,-30.5436991,19.39529709,16.41494763,-2.98034946,29.57141509,30.38422649,2.748638858,62,92.597,1,0,0,0,1,1,1,1,13.13427904,12.10152211,-1.032756923,65.12729426,94.47852761,9.117821196,0,5.744377651,6.137433513,0.393055861,0.696434332,0.991095326,0.294660994,31.51542,27.60292,-12.41455,81262.5,69531.75,-14.43563,5.078871539,2.587396369,-2.491475171,1.424865129,1.387363606,-0.037501523,0
13319,GA,Wilkinson,102964.8027,96671.84536,-6.111755829,19.39529709,16.41494763,-2.98034946,33.04402384,29.42355342,-10.95650591,62,92.597,1,0,0,0,1,1,1,1,13.13427904,12.10152211,-1.032756923,71.93528314,77.03318152,11.44990666,8.913467794,5.744377651,6.137433513,0.393055861,0.696434332,0.991095326,0.294660994,,,,,,,5.078871539,2.587396369,-2.491475171,1.424865129,1.387363606,-0.037501523,0
13321,GA,Worth,266418.5176,252394.9382,-5.263740494,19.39529709,16.41494763,-2.98034946,28.88355859,29.68659455,2.780252858,62,92.597,1,0,0,0,1,1,1,1,13.13427904,12.10152211,-1.032756923,59.92228698,92.76859504,9.88065501,0,5.744377651,6.137433513,0.393055861,0.696434332,0.991095326,0.294660994,,,,,,,5.078871539,2.587396369,-2.491475171,1.424865129,1.387363606,-0.037501523,0
