FIPS,State,County,FFR09,FFR14,PCH_FFR_09_14,FFRPTH09,FFRPTH14,PCH_FFRPTH_09_14,FSR09,FSR14,PCH_FSR_09_14,FSRPTH09,FSRPTH14,PCH_FSRPTH_09_14,PC_FFRSALES07,PC_FFRSALES12,PC_FSRSALES07,PC_FSRSALES12
13001,GA,Appling,14,13,-7.142857143,0.771604938,0.701186624,-9.126213592,14,9,-35.71428571,0.771604938,0.485436893,-37.08737864,749.6665528,666.146008,711.7697982,649.8371362
13003,GA,Atkinson,4,4,0,0.476985452,0.486440472,1.982244923,5,1,-80,0.596231815,0.121610118,-79.60355102,749.6665528,666.146008,711.7697982,649.8371362
13005,GA,Bacon,9,7,-22.22222222,0.80833483,0.620512366,-23.23572575,3,4,33.33333333,0.269444943,0.354578495,31.59589871,749.6665528,666.146008,711.7697982,649.8371362
13007,GA,Baker,0,0,0,0,0,0,0,0,0,0,0,0,749.6665528,666.146008,711.7697982,649.8371362
13009,GA,Baldwin,30,40,33.33333333,0.637118525,0.871288854,36.75459423,29,30,3.448275862,0.615881241,0.653466641,6.102702423,749.6665528,666.146008,711.7697982,649.8371362
13011,GA,Banks,15,14,-6.666666667,0.823813708,0.765236403,-7.110503781,13,17,30.76923077,0.71397188,0.929215633,30.14737108,749.6665528,666.146008,711.7697982,649.8371362
13013,GA,Barrow,33,40,21.21212121,0.481414483,0.546149645,13.44686626,27,29,7.407407407,0.393884577,0.395958493,0.526528713,749.6665528,666.146008,711.7697982,649.8371362
13015,GA,Bartow,59,58,-1.694915254,0.591140902,0.570103012,-3.55886222,67,65,-2.985074627,0.671295601,0.638908548,-4.824559087,749.6665528,666.146008,711.7697982,649.8371362
13017,GA,Ben Hill,17,14,-17.64705882,0.966952961,0.801649107,-17.09533562,8,11,37.5,0.455036687,0.629867155,38.42118072,749.6665528,666.146008,711.7697982,649.8371362
13019,GA,Berrien,9,9,0,0.47201972,0.481283422,1.962566845,10,8,-20,0.524466355,0.427807487,-18.42994652,749.6665528,666.146008,711.7697982,649.8371362
13021,GA,Bibb,156,173,10.8974359,1.005452647,1.124070043,11.79741249,121,114,-5.785123967,0.779870322,0.740716676,-5.020532952,749.6665528,666.146008,711.7697982,649.8371362
13023,GA,Bleckley,5,5,0,0.383612091,0.390777648,1.867917155,6,4,-33.33333333,0.46033451,0.312622118,-32.08805523,749.6665528,666.146008,711.7697982,649.8371362
13025,GA,Brantley,5,6,20,0.275801202,0.325785959,18.12347288,3,3,0,0.165480721,0.162892979,-1.563772601,749.6665528,666.146008,711.7697982,649.8371362
13027,GA,Brooks,5,7,40,0.305343511,0.454014788,48.68984304,5,5,0,0.305343511,0.324296277,6.207030743,749.6665528,666.146008,711.7697982,649.8371362
13029,GA,Bryan,21,27,28.57142857,0.700303465,0.796319236,13.71059484,23,26,13.04347826,0.766999033,0.766825931,-0.022569,749.6665528,666.146008,711.7697982,649.8371362
13031,GA,Bulloch,48,56,16.66666667,0.699728855,0.776839097,11.02001748,55,51,-7.272727273,0.801772646,0.707478464,-11.76071338,749.6665528,666.146008,711.7697982,649.8371362
13033,GA,Burke,6,8,33.33333333,0.259549249,0.352283236,35.72885934,10,9,-10,0.432582082,0.39631864,-8.383019948,749.6665528,666.146008,711.7697982,649.8371362
13035,GA,Butts,11,12,9.090909091,0.464487797,0.513522766,10.55678317,11,11,0,0.464487797,0.470729202,1.343717905,749.6665528,666.146008,711.7697982,649.8371362
13037,GA,Calhoun,1,1,0,0.149925037,0.154726907,3.202846975,4,5,25,0.59970015,0.773634535,29.00355872,749.6665528,666.146008,711.7697982,649.8371362
13039,GA,Camden,38,35,-7.894736842,0.759635375,0.672727622,-11.44071955,38,44,15.78947368,0.759635375,0.845714725,11.33166686,749.6665528,666.146008,711.7697982,649.8371362
13043,GA,Candler,10,12,20,0.919117647,1.102130786,19.91182954,8,6,-25,0.735294118,0.551065393,-25.05510654,749.6665528,666.146008,711.7697982,649.8371362
13045,GA,Carroll,90,81,-10,0.814973785,0.709947148,-12.8871184,75,85,13.33333333,0.679144821,0.745006267,9.697702751,749.6665528,666.146008,711.7697982,649.8371362
13047,GA,Catoosa,43,46,6.976744186,0.673200363,0.700995108,4.128747781,30,29,-3.333333333,0.469674672,0.441931699,-5.906848925,749.6665528,666.146008,711.7697982,649.8371362
13049,GA,Charlton,11,6,-45.45454546,0.868535334,0.465224471,-46.43574616,3,4,33.33333333,0.236873273,0.310149647,30.93484273,749.6665528,666.146008,711.7697982,649.8371362
13051,GA,Chatham,227,289,27.31277533,0.866008958,1.019835626,17.76271105,313,326,4.153354633,1.194100457,1.150402817,-3.659460923,749.6665528,666.146008,711.7697982,649.8371362
13053,GA,Chattahoochee,1,2,100,0.08364701,0.16896173,101.9937484,2,1,-50,0.167294019,0.084480865,-49.5015629,749.6665528,666.146008,711.7697982,649.8371362
13055,GA,Chattooga,12,10,-16.66666667,0.463427821,0.400978387,-13.475547,9,9,0,0.347570866,0.360880549,3.829343598,749.6665528,666.146008,711.7697982,649.8371362
13057,GA,Cherokee,111,148,33.33333333,0.523012552,0.640734247,22.50838799,146,141,-3.424657534,0.68792642,0.610429249,-11.26532856,749.6665528,666.146008,711.7697982,649.8371362
13059,GA,Clarke,107,120,12.14953271,0.915758753,0.99224396,8.35211307,111,126,13.51351351,0.949992725,1.041856158,9.66990904,749.6665528,666.146008,711.7697982,649.8371362
13061,GA,Clay,1,0,-100,0.312402374,0,-100,0,2,,0,0.644745326,,749.6665528,666.146008,711.7697982,649.8371362
13063,GA,Clayton,165,189,14.54545455,0.634451891,0.70643114,11.34510741,107,86,-19.62616822,0.411432439,0.321444857,-21.87177599,749.6665528,666.146008,711.7697982,649.8371362
13065,GA,Clinch,5,5,0,0.735402265,0.731957254,-0.468452642,4,2,-50,0.588321812,0.292782901,-50.23422632,749.6665528,666.146008,711.7697982,649.8371362
13067,GA,Cobb,515,603,17.08737864,0.75207075,0.824918842,9.686334934,542,550,1.47601476,0.791499702,0.752413537,-4.938241236,749.6665528,666.146008,711.7697982,649.8371362
13069,GA,Coffee,22,29,31.81818182,0.522701894,0.677395996,29.59509132,17,15,-11.76470588,0.403906009,0.350377239,-13.25277863,749.6665528,666.146008,711.7697982,649.8371362
13071,GA,Colquitt,27,26,-3.703703704,0.597980156,0.563966856,-5.688031531,14,20,42.85714286,0.310063785,0.433820659,39.91335982,749.6665528,666.146008,711.7697982,649.8371362
13073,GA,Columbia,61,72,18.03278689,0.503923998,0.517029665,2.600722782,72,83,15.27777778,0.594795539,0.596020308,0.205914245,749.6665528,666.146008,711.7697982,649.8371362
13075,GA,Cook,13,13,0,0.759612014,0.755199256,-0.580922505,11,5,-54.54545455,0.642748627,0.290461252,-54.80951023,749.6665528,666.146008,711.7697982,649.8371362
13077,GA,Coweta,61,66,8.196721311,0.486051904,0.486829779,0.160039546,70,66,-5.714285714,0.55776448,0.486829779,-12.71767982,749.6665528,666.146008,711.7697982,649.8371362
13079,GA,Crawford,3,1,-66.66666667,0.236016049,0.080729797,-65.79478486,2,2,0,0.157344033,0.161459595,2.615645435,749.6665528,666.146008,711.7697982,649.8371362
13081,GA,Crisp,14,18,28.57142857,0.598853623,0.784860905,31.06055887,14,13,-7.142857143,0.598853623,0.566843987,-5.345151927,749.6665528,666.146008,711.7697982,649.8371362
13083,GA,Dade,8,8,0,0.480278562,0.488132284,1.635243151,9,7,-22.22222222,0.540313382,0.427115748,-20.95036644,749.6665528,666.146008,711.7697982,649.8371362
13085,GA,Dawson,19,17,-10.52631579,0.85106383,0.740514876,-12.98950211,21,14,-33.33333333,0.940649496,0.60983578,-35.16864863,749.6665528,666.146008,711.7697982,649.8371362
13087,GA,Decatur,18,21,16.66666667,0.641528263,0.77149155,20.25838844,14,15,7.142857143,0.498966427,0.551065393,10.44137714,749.6665528,666.146008,711.7697982,649.8371362
13089,GA,DeKalb,537,595,10.80074488,0.777519409,0.823915997,5.967257795,504,548,8.73015873,0.729738887,0.758833557,3.986997315,749.6665528,666.146008,711.7697982,649.8371362
13091,GA,Dodge,12,13,8.333333333,0.5540422,0.619755912,11.8607774,9,5,-44.44444444,0.41553165,0.238367658,-42.63549877,749.6665528,666.146008,711.7697982,649.8371362
13093,GA,Dooly,7,6,-14.28571429,0.473965739,0.422892585,-10.77570583,4,2,-50,0.270837565,0.140964195,-47.95249507,749.6665528,666.146008,711.7697982,649.8371362
13095,GA,Dougherty,91,92,1.098901099,0.961051031,0.995595572,3.594454395,68,58,-14.70588235,0.718148023,0.627658078,-12.60045871,749.6665528,666.146008,711.7697982,649.8371362
13097,GA,Douglas,80,85,6.25,0.609328824,0.612497838,0.520082723,81,73,-9.87654321,0.616945435,0.526027555,-14.73677805,749.6665528,666.146008,711.7697982,649.8371362
13099,GA,Early,8,5,-37.5,0.720655797,0.47659899,-33.8659327,11,14,27.27272727,0.990901721,1.334477171,34.67300977,749.6665528,666.146008,711.7697982,649.8371362
13101,GA,Echols,0,0,0,0,0,0,0,1,,0,0.249812641,,749.6665528,666.146008,711.7697982,649.8371362
13103,GA,Effingham,23,24,4.347826087,0.443091624,0.433033217,-2.270051125,24,22,-8.333333333,0.462356477,0.396947116,-14.14695463,749.6665528,666.146008,711.7697982,649.8371362
13105,GA,Elbert,14,11,-21.42857143,0.688468158,0.565901842,-17.80275749,9,5,-44.44444444,0.442586673,0.25722811,-41.88073762,749.6665528,666.146008,711.7697982,649.8371362
13107,GA,Emanuel,12,12,0,0.53437834,0.527356625,-1.313996924,13,15,15.38461539,0.578909868,0.659195781,13.86846509,749.6665528,666.146008,711.7697982,649.8371362
13109,GA,Evans,6,5,-16.66666667,0.544662309,0.45879978,-15.76436043,6,6,0,0.544662309,0.550559736,1.08276748,749.6665528,666.146008,711.7697982,649.8371362
13111,GA,Fannin,20,20,0,0.845272812,0.841998905,-0.387319496,18,25,38.88888889,0.760745531,1.052498632,38.35094514,749.6665528,666.146008,711.7697982,649.8371362
13113,GA,Fayette,69,95,37.68115942,0.654071834,0.866282463,32.44454471,105,91,-13.33333333,0.995326704,0.829807412,-16.62964449,749.6665528,666.146008,711.7697982,649.8371362
13115,GA,Floyd,70,75,7.142857143,0.726269155,0.780737641,7.499765779,69,60,-13.04347826,0.715893882,0.624590113,-12.75381328,749.6665528,666.146008,711.7697982,649.8371362
13117,GA,Forsyth,105,130,23.80952381,0.610489962,0.636312909,4.229872584,112,130,16.07142857,0.651189293,0.636312909,-2.284494453,749.6665528,666.146008,711.7697982,649.8371362
13119,GA,Franklin,13,15,15.38461539,0.58685446,0.673733381,14.80416816,22,18,-18.18181818,0.993138317,0.808480057,-18.59340803,749.6665528,666.146008,711.7697982,649.8371362
13121,GA,Fulton,952,1147,20.48319328,1.051340072,1.151237706,9.501933445,1085,1110,2.304147465,1.198218464,1.114101006,-7.020210519,749.6665528,666.146008,711.7697982,649.8371362
13123,GA,Gilmer,24,21,-12.5,0.851849223,0.728433175,-14.48801554,25,27,8,0.88734294,0.936556939,5.546220819,749.6665528,666.146008,711.7697982,649.8371362
13125,GA,Glascock,0,0,0,0,0,0,1,1,0,0.32615786,0.327546675,0.425810678,749.6665528,666.146008,711.7697982,649.8371362
13127,GA,Glynn,79,90,13.92405063,1.000684012,1.095223608,9.447497429,104,101,-2.884615385,1.317356168,1.229084271,-6.700685685,749.6665528,666.146008,711.7697982,649.8371362
13129,GA,Gordon,37,35,-5.405405405,0.673400673,0.624475886,-7.265330883,25,27,8,0.455000455,0.481738541,5.876496512,749.6665528,666.146008,711.7697982,649.8371362
13131,GA,Grady,11,16,45.45454546,0.441891295,0.630939706,42.78165543,7,5,-28.57142857,0.281203551,0.197168658,-29.8840085,749.6665528,666.146008,711.7697982,649.8371362
13133,GA,Greene,12,7,-41.66666667,0.753106565,0.424499697,-43.63351526,14,16,14.28571429,0.878624325,0.970285021,10.43229663,749.6665528,666.146008,711.7697982,649.8371362
13135,GA,Gwinnett,640,673,5.15625,0.803741416,0.766582908,-4.623191895,652,672,3.067484663,0.818811568,0.765443855,-6.517703831,749.6665528,666.146008,711.7697982,649.8371362
13137,GA,Habersham,28,30,7.142857143,0.651966377,0.68568294,5.17151869,30,28,-6.666666667,0.698535404,0.639970744,-8.383921497,749.6665528,666.146008,711.7697982,649.8371362
13139,GA,Hall,99,111,12.12121212,0.554612528,0.581879944,4.916480451,104,108,3.846153846,0.582623261,0.566153459,-2.826835674,749.6665528,666.146008,711.7697982,649.8371362
13141,GA,Hancock,5,7,40,0.525872949,0.822658362,56.43671407,1,2,100,0.10517459,0.235045246,123.4810201,749.6665528,666.146008,711.7697982,649.8371362
13143,GA,Haralson,14,19,35.71428571,0.486550358,0.663384658,36.34450114,14,18,28.57142857,0.486550358,0.628469676,29.16847476,749.6665528,666.146008,711.7697982,649.8371362
13145,GA,Harris,7,8,14.28571429,0.222264558,0.243338606,9.481514957,13,13,0,0.412777037,0.395425234,-4.203674413,749.6665528,666.146008,711.7697982,649.8371362
13147,GA,Hart,13,12,-7.692307692,0.517763263,0.472869133,-8.670783053,15,11,-26.66666667,0.597419149,0.433463372,-27.44401098,749.6665528,666.146008,711.7697982,649.8371362
13149,GA,Heard,4,4,0,0.3399915,0.34473843,1.39619064,1,2,100,0.084997875,0.172369215,102.7923813,749.6665528,666.146008,711.7697982,649.8371362
13151,GA,Henry,146,152,4.109589041,0.731382313,0.710715438,-2.825727976,117,121,3.418803419,0.586107744,0.565766895,-3.470496537,749.6665528,666.146008,711.7697982,649.8371362
13153,GA,Houston,103,125,21.3592233,0.749548815,0.838301668,11.84083689,72,78,8.333333333,0.523956453,0.523100241,-0.163412938,749.6665528,666.146008,711.7697982,649.8371362
13155,GA,Irwin,0,4,,0,0.439367311,,3,3,0,0.314597315,0.329525483,4.74516696,749.6665528,666.146008,711.7697982,649.8371362
13157,GA,Jackson,27,34,25.92592593,0.449610338,0.549539357,22.22569426,32,31,-3.125,0.532871511,0.50105059,-5.971593664,749.6665528,666.146008,711.7697982,649.8371362
13159,GA,Jasper,4,3,-25,0.288975582,0.22334723,-22.71069089,4,7,75,0.288975582,0.521143538,80.34172126,749.6665528,666.146008,711.7697982,649.8371362
13161,GA,Jeff Davis,6,8,33.33333333,0.402900886,0.538394239,33.62945017,9,4,-55.55555556,0.60435133,0.26919712,-55.45684995,749.6665528,666.146008,711.7697982,649.8371362
13163,GA,Jefferson,9,11,22.22222222,0.527333451,0.676007866,28.19362504,9,7,-22.22222222,0.527333451,0.430186824,-18.42223861,749.6665528,666.146008,711.7697982,649.8371362
13165,GA,Jenkins,5,6,20,0.599592277,0.657534247,9.663561644,3,3,0,0.359755366,0.328767123,-8.61369863,749.6665528,666.146008,711.7697982,649.8371362
13167,GA,Johnson,4,6,50,0.4004004,0.618492939,54.46861148,1,2,100,0.1001001,0.206164313,105.9581486,749.6665528,666.146008,711.7697982,649.8371362
13169,GA,Jones,6,7,16.66666667,0.208986416,0.243165318,16.35460451,7,14,100,0.243817485,0.486330635,99.4650363,749.6665528,666.146008,711.7697982,649.8371362
13171,GA,Lamar,9,8,-11.11111111,0.493610486,0.439391443,-10.98417581,15,9,-40,0.822684144,0.494315373,-39.91431867,749.6665528,666.146008,711.7697982,649.8371362
13173,GA,Lanier,6,4,-33.33333333,0.611620795,0.385616504,-36.95170153,5,5,0,0.509683996,0.48202063,-5.427552299,749.6665528,666.146008,711.7697982,649.8371362
13175,GA,Laurens,42,39,-7.142857143,0.864179749,0.815029989,-5.687446448,30,35,16.66666667,0.61727125,0.73143717,18.49525959,749.6665528,666.146008,711.7697982,649.8371362
13177,GA,Lee,8,13,62.5,0.28242604,0.445342743,57.6847316,6,7,16.66666667,0.21181953,0.239799938,13.20955089,749.6665528,666.146008,711.7697982,649.8371362
13179,GA,Liberty,43,43,0,0.641207259,0.659529433,2.857449615,34,27,-20.58823529,0.507001089,0.414123133,-18.31908413,749.6665528,666.146008,711.7697982,649.8371362
13181,GA,Lincoln,3,3,0,0.371609067,0.393597481,5.917082131,5,5,0,0.619348445,0.655995802,5.917082131,749.6665528,666.146008,711.7697982,649.8371362
13183,GA,Long,2,3,50,0.145064191,0.175305323,20.84672471,2,2,0,0.145064191,0.116870216,-19.43551686,749.6665528,666.146008,711.7697982,649.8371362
13185,GA,Lowndes,102,109,6.862745098,0.948105184,0.960157853,1.271237598,85,86,1.176470588,0.790087653,0.757555738,-4.117507155,749.6665528,666.146008,711.7697982,649.8371362
13187,GA,Lumpkin,16,27,68.75,0.538303671,0.866050808,60.8851761,19,23,21.05263158,0.639235609,0.737746985,15.41080858,749.6665528,666.146008,711.7697982,649.8371362
13189,GA,McDuffie,13,15,15.38461539,0.595347133,0.701918577,17.90072352,15,13,-13.33333333,0.686939,0.608329434,-11.44345656,749.6665528,666.146008,711.7697982,649.8371362
13191,GA,McIntosh,8,10,25,0.560695262,0.703531729,25.47488392,16,14,-12.5,1.121390524,0.984944421,-12.16758126,749.6665528,666.146008,711.7697982,649.8371362
13193,GA,Macon,7,7,0,0.471634551,0.507540603,7.613109049,3,2,-33.33333333,0.202129093,0.145011601,-28.2579273,749.6665528,666.146008,711.7697982,649.8371362
13195,GA,Madison,14,10,-28.57142857,0.499857184,0.353207121,-29.33839261,6,5,-16.66666667,0.214224507,0.17660356,-17.56145804,749.6665528,666.146008,711.7697982,649.8371362
13197,GA,Marion,3,4,33.33333333,0.350426352,0.454700466,29.75635633,4,2,-50,0.467235136,0.227350233,-51.34136638,749.6665528,666.146008,711.7697982,649.8371362
13199,GA,Meriwether,8,10,25,0.356410942,0.471742617,32.35918483,16,13,-18.75,0.712821884,0.613265402,-13.96652986,749.6665528,666.146008,711.7697982,649.8371362
13201,GA,Miller,2,1,-50,0.326211059,0.167841558,-48.54817053,5,4,-20,0.815527646,0.67136623,-17.67707284,749.6665528,666.146008,711.7697982,649.8371362
13205,GA,Mitchell,11,15,36.36363636,0.466259749,0.658732598,41.28017694,14,9,-35.71428571,0.593421499,0.395239559,-33.39648801,749.6665528,666.146008,711.7697982,649.8371362
13207,GA,Monroe,11,13,18.18181818,0.419319178,0.480573731,14.60809716,16,13,-18.75,0.609918805,0.480573731,-21.2069332,749.6665528,666.146008,711.7697982,649.8371362
13209,GA,Montgomery,5,4,-20,0.547285464,0.444889334,-18.70982093,1,1,0,0.109457093,0.111222333,1.612723835,749.6665528,666.146008,711.7697982,649.8371362
13211,GA,Morgan,12,15,25,0.669605491,0.835375362,24.75634885,21,19,-9.523809524,1.171809609,1.058142125,-9.700166545,749.6665528,666.146008,711.7697982,649.8371362
13213,GA,Murray,26,25,-3.846153846,0.65182511,0.634356762,-2.679913337,10,6,-40,0.250701966,0.152245623,-39.27226592,749.6665528,666.146008,711.7697982,649.8371362
13215,GA,Muscogee,167,195,16.76646707,0.884552639,0.970694968,9.738519248,125,123,-1.6,0.662090299,0.612284518,-7.522505687,749.6665528,666.146008,711.7697982,649.8371362
13217,GA,Newton,47,59,25.53191489,0.472390295,0.569086086,20.46947037,37,37,0,0.371881722,0.356884495,-4.032794791,749.6665528,666.146008,711.7697982,649.8371362
13219,GA,Oconee,25,33,32,0.771938492,0.940358476,21.81779842,22,21,-4.545454545,0.679305873,0.598409939,-11.90861684,749.6665528,666.146008,711.7697982,649.8371362
13221,GA,Oglethorpe,5,4,-20,0.338203463,0.272609555,-19.39480679,1,0,-100,0.067640693,0,-100,749.6665528,666.146008,711.7697982,649.8371362
13223,GA,Paulding,61,63,3.278688525,0.433358672,0.422855685,-2.423624374,53,56,5.660377358,0.376524748,0.37587172,-0.173435418,749.6665528,666.146008,711.7697982,649.8371362
13225,GA,Peach,14,19,35.71428571,0.509572687,0.705742515,38.49692763,15,12,-20,0.545970736,0.445732115,-18.35970582,749.6665528,666.146008,711.7697982,649.8371362
13227,GA,Pickens,15,14,-6.666666667,0.507751676,0.466713338,-8.082363792,30,24,-20,1.015503351,0.800080008,-21.21345468,749.6665528,666.146008,711.7697982,649.8371362
13229,GA,Pierce,10,13,30,0.538677009,0.68453478,27.07703649,6,6,0,0.323206206,0.315939129,-2.248433468,749.6665528,666.146008,711.7697982,649.8371362
13231,GA,Pike,6,4,-33.33333333,0.338581344,0.224921278,-33.56950068,6,5,-16.66666667,0.338581344,0.281151597,-16.96187584,749.6665528,666.146008,711.7697982,649.8371362
13233,GA,Polk,32,29,-9.375,0.773208331,0.705030025,-8.817585637,29,24,-17.24137931,0.70072005,0.583473124,-16.73234931,749.6665528,666.146008,711.7697982,649.8371362
13235,GA,Pulaski,9,11,22.22222222,0.756111905,0.957937821,26.69259872,7,5,-28.57142857,0.588087037,0.435426282,-25.95887088,749.6665528,666.146008,711.7697982,649.8371362
13237,GA,Putnam,9,7,-22.22222222,0.424949242,0.330313326,-22.26993415,19,15,-21.05263158,0.897115067,0.70781427,-21.10106098,749.6665528,666.146008,711.7697982,649.8371362
13239,GA,Quitman,0,0,0,0,0,0,0,0,0,0,0,0,749.6665528,666.146008,711.7697982,649.8371362
13241,GA,Rabun,15,17,13.33333333,0.920527769,1.046604691,13.69615629,24,27,12.5,1.472844431,1.66225451,12.86015514,749.6665528,666.146008,711.7697982,649.8371362
13243,GA,Randolph,6,4,-33.33333333,0.775594623,0.546971147,-29.47718675,6,4,-33.33333333,0.775594623,0.546971147,-29.47718675,749.6665528,666.146008,711.7697982,649.8371362
13245,GA,Richmond,146,158,8.219178082,0.735557134,0.78463311,6.671946081,135,130,-3.703703704,0.680138446,0.645584204,-5.080471795,749.6665528,666.146008,711.7697982,649.8371362
13247,GA,Rockdale,79,72,-8.860759494,0.933530281,0.82047542,-12.1104653,81,59,-27.16049383,0.957163959,0.672334025,-29.75769526,749.6665528,666.146008,711.7697982,649.8371362
13249,GA,Schley,3,2,-33.33333333,0.605571256,0.387371683,-36.03202273,1,1,0,0.201857085,0.193685842,-4.048034089,749.6665528,666.146008,711.7697982,649.8371362
13251,GA,Screven,8,5,-37.5,0.53673264,0.354987575,-33.86137735,10,6,-40,0.6709158,0.425985091,-36.50692226,749.6665528,666.146008,711.7697982,649.8371362
13253,GA,Seminole,5,4,-20,0.570776256,0.460511167,-19.31844347,4,4,0,0.456621005,0.460511167,0.85194566,749.6665528,666.146008,711.7697982,649.8371362
13255,GA,Spalding,38,54,42.10526316,0.592500195,0.843908233,42.4317224,41,36,-12.19512195,0.639276526,0.562605489,-11.9934073,749.6665528,666.146008,711.7697982,649.8371362
13257,GA,Stephens,15,15,0,0.575396064,0.588697017,2.311616954,22,14,-36.36363636,0.843914228,0.549450549,-34.89260739,749.6665528,666.146008,711.7697982,649.8371362
13259,GA,Stewart,2,0,-100,0.335120643,0,-100,3,1,-66.66666667,0.502680965,0.174094708,-65.36675952,749.6665528,666.146008,711.7697982,649.8371362
13261,GA,Sumter,17,21,23.52941177,0.519496394,0.672387295,29.43059908,24,16,-33.33333333,0.733406674,0.512295082,-30.14856557,749.6665528,666.146008,711.7697982,649.8371362
13263,GA,Talbot,1,1,0,0.145496872,0.156494523,7.558685446,1,1,0,0.145496872,0.156494523,7.558685446,749.6665528,666.146008,711.7697982,649.8371362
13265,GA,Taliaferro,1,0,-100,0.563697858,0,-100,0,1,,0,0.590667454,,749.6665528,666.146008,711.7697982,649.8371362
13267,GA,Tattnall,7,6,-14.28571429,0.279240466,0.237868696,-14.81582167,5,4,-20,0.199457476,0.158579131,-20.49476689,749.6665528,666.146008,711.7697982,649.8371362
13269,GA,Taylor,5,6,20,0.564716512,0.710732054,25.85643213,2,1,-50,0.225886605,0.118455342,-47.55981995,749.6665528,666.146008,711.7697982,649.8371362
13271,GA,Telfair,8,7,-12.5,0.49382716,0.423780119,-14.18452597,5,5,0,0.308641975,0.302700085,-1.925172539,749.6665528,666.146008,711.7697982,649.8371362
13273,GA,Terrell,4,6,50,0.41684035,0.657030223,57.62155059,3,3,0,0.312630263,0.328515112,5.081033728,749.6665528,666.146008,711.7697982,649.8371362
13275,GA,Thomas,35,37,5.714285714,0.783190494,0.822972041,5.079421568,27,32,18.51851852,0.604175524,0.711759603,17.80675892,749.6665528,666.146008,711.7697982,649.8371362
13277,GA,Tift,42,39,-7.142857143,1.056656939,0.958136792,-9.323758985,30,30,0,0.754754956,0.737028302,-2.348663522,749.6665528,666.146008,711.7697982,649.8371362
13279,GA,Toombs,27,26,-3.703703704,0.99708261,0.95300931,-4.420225518,21,19,-9.523809524,0.775508697,0.696429881,-10.19702508,749.6665528,666.146008,711.7697982,649.8371362
13281,GA,Towns,6,7,16.66666667,0.574492532,0.630744278,9.791554034,22,10,-54.54545455,2.106472616,0.901063255,-57.22406986,749.6665528,666.146008,711.7697982,649.8371362
13283,GA,Treutlen,3,3,0,0.434404865,0.442608439,1.888462673,0,3,,0,0.442608439,,749.6665528,666.146008,711.7697982,649.8371362
13285,GA,Troup,55,53,-3.636363636,0.828038903,0.762930228,-7.862997099,51,50,-1.960784314,0.767817892,0.719745498,-6.260910848,749.6665528,666.146008,711.7697982,649.8371362
13287,GA,Turner,6,8,33.33333333,0.674157303,0.981233902,45.54969541,6,5,-16.66666667,0.674157303,0.613271189,-9.03144037,749.6665528,666.146008,711.7697982,649.8371362
13289,GA,Twiggs,1,1,0,0.108026358,0.120192308,11.26201923,2,1,-50,0.216052717,0.120192308,-44.36899039,749.6665528,666.146008,711.7697982,649.8371362
13291,GA,Union,14,18,28.57142857,0.656106477,0.818777293,24.79335621,17,19,11.76470588,0.796700722,0.86426492,8.480499187,749.6665528,666.146008,711.7697982,649.8371362
13293,GA,Upson,18,18,0,0.657894737,0.685557587,4.204753199,19,13,-31.57894737,0.694444444,0.495124924,-28.70201097,749.6665528,666.146008,711.7697982,649.8371362
13295,GA,Walker,25,23,-8,0.364367749,0.337154417,-7.468644639,24,21,-12.5,0.349793039,0.307836641,-11.99463485,749.6665528,666.146008,711.7697982,649.8371362
13297,GA,Walton,45,50,11.11111111,0.53987259,0.570678537,5.706151281,38,34,-10.52631579,0.455892409,0.388061405,-14.87873081,749.6665528,666.146008,711.7697982,649.8371362
13299,GA,Ware,28,29,3.571428571,0.778101987,0.816556385,4.942076788,30,20,-33.33333333,0.8336807,0.563142334,-32.45107701,749.6665528,666.146008,711.7697982,649.8371362
13301,GA,Warren,1,1,0,0.169090294,0.18115942,7.137681159,3,0,-100,0.507270883,0,-100,749.6665528,666.146008,711.7697982,649.8371362
13303,GA,Washington,11,12,9.090909091,0.517890772,0.581536225,12.28935833,11,11,0,0.517890772,0.533074873,2.9319118,749.6665528,666.146008,711.7697982,649.8371362
13305,GA,Wayne,26,21,-19.23076923,0.866204691,0.701192026,-19.05007744,20,21,5,0.666311301,0.701192026,5.234899329,749.6665528,666.146008,711.7697982,649.8371362
13307,GA,Webster,0,0,0,0,0,0,0,0,0,0,0,0,749.6665528,666.146008,711.7697982,649.8371362
13309,GA,Wheeler,1,1,0,0.13986014,0.125078174,-10.56910569,2,2,0,0.27972028,0.250156348,-10.56910569,749.6665528,666.146008,711.7697982,649.8371362
13311,GA,White,16,22,37.5,0.593714052,0.786557025,32.48078298,31,33,6.451612903,1.150320977,1.179835538,2.56576747,749.6665528,666.146008,711.7697982,649.8371362
13313,GA,Whitfield,82,82,0,0.811808849,0.791949161,-2.446350273,53,58,9.433962264,0.524705719,0.560159162,6.756824229,749.6665528,666.146008,711.7697982,649.8371362
13315,GA,Wilcox,1,2,100,0.109217999,0.226065333,106.9854188,1,2,100,0.109217999,0.226065333,106.9854188,749.6665528,666.146008,711.7697982,649.8371362
13317,GA,Wilkes,6,4,-33.33333333,0.567590578,0.402414487,-29.10127431,5,7,40,0.472992148,0.704225352,48.88732394,749.6665528,666.146008,711.7697982,649.8371362
13319,GA,Wilkinson,2,1,-50,0.207210941,0.107227107,-48.25219816,2,5,150,0.207210941,0.536135535,158.7390092,749.6665528,666.146008,711.7697982,649.8371362
13321,GA,Worth,7,7,0,0.321115648,0.334288443,4.102196753,7,5,-28.57142857,0.321115648,0.238777459,-25.64128803,749.6665528,666.146008,711.7697982,649.8371362
