FIPS,State,County,GROC09,GROC14,PCH_GROC_09_14,GROCPTH09,GROCPTH14,PCH_GROCPTH_09_14,SUPERC09,SUPERC14,PCH_SUPERC_09_14,SUPERCPTH09,SUPERCPTH14,PCH_SUPERCPTH_09_14,CONVS09,CONVS14,PCH_CONVS_09_14,CONVSPTH09,CONVSPTH14,PCH_CONVSPTH_09_14,SPECS09,SPECS14,PCH_SPECS_09_14,SPECSPTH09,SPECSPTH14,PCH_SPECSPTH_09_14,SNAPS12,SNAPS16,PCH_SNAPS_12_16,SNAPSPTH12,SNAPSPTH16,PCH_SNAPSPTH_12_16,WICS08,WICS12,PCH_WICS_08_12,WICSPTH08,WICSPTH12,PCH_WICSPTH_08_12
13001,GA,Appling,2,1,-50,0.110229277,0.0539374,-51.06796117,1,1,0,0.0551146,0.0539374,-2.13592233,12,11,-8.333333333,0.661375661,0.593311758,-10.29126214,0,0,0,0,0,0,24.58333333,24.66666667,0.338983051,1.338378339,1.338542797,0.01228786,5,4,-20,0.2771004,0.21777,-21.41115
13003,GA,Atkinson,4,3,-25,0.476985452,0.364830354,-23.51331631,0,1,,0,0.121610118,,6,8,33.33333333,0.715478178,0.972880944,35.97632656,2,1,-50,0.238492726,0.121610118,-49.00887754,13.83333333,10.83333333,-21.68674699,1.669885723,1.30948064,-21.58261961,3,3,0,0.3659429,0.3621439,-1.038154
13005,GA,Bacon,3,2,-33.33333333,0.269444943,0.177289247,-34.20205065,0,0,0,0,0,0,10,14,40,0.898149811,1.241024732,38.17569364,0,0,0,0,0,0,17.5,16.33333333,-6.666666667,1.562779068,1.436276234,-8.094735608,5,4,-20,0.4747437,0.3572066,-24.758
13007,GA,Baker,1,1,0,0.280898876,0.307219662,9.370199693,0,0,0,0,0,0,1,1,0,0.280898876,0.307219662,9.370199693,0,0,0,0,0,0,3,2.666666667,-11.11111111,0.891265597,0.846560847,-5.015873016,1,1,0,0.2651113,0.2970885,12.0618
13009,GA,Baldwin,10,7,-30,0.212372842,0.152475549,-28.20383803,1,1,0,0.0212373,0.0217822,2.565945675,35,37,5.714285714,0.743304946,0.80594219,8.426856857,0,0,0,0,0,0,56.75,64.08333333,12.92217327,1.223930813,1.419531573,15.98135762,10,8,-20,0.2129925,0.1725365,-18.99411
13011,GA,Banks,1,0,-100,0.0549209,0,-100,1,1,0,0.0549209,0.0546597,-0.475539765,9,12,33.33333333,0.494288225,0.655916917,32.69928031,0,0,0,0,0,0,16.75,17,1.492537313,0.914500983,0.924063706,1.045676656,1,0,-100,0.060006,0,-100
13013,GA,Barrow,12,13,8.333333333,0.175059812,0.177498635,1.393136719,1,1,0,0.0145883,0.0136537,-6.406335336,42,51,21.42857143,0.612709342,0.696340797,13.64944995,2,3,50,0.0291766,0.0409612,40.390497,58,60.33333333,4.022988506,0.826575838,0.782269706,-5.360201742,11,13,18.18182,0.1565725,0.185267,18.32666
13015,GA,Bartow,13,14,7.692307692,0.130251385,0.137611072,5.650371096,1,1,0,0.0100193,0.0098294,-1.896083982,69,80,15.94202899,0.691334275,0.786348982,13.74367075,2,1,-50,0.0200387,0.0098294,-50.94804199,110.9166667,108.5,-2.178812923,1.101883219,1.045208897,-5.143405431,10,11,10,0.1052643,0.1092777,3.812694
13017,GA,Ben Hill,2,3,50,0.113759172,0.171781951,51.00492442,1,1,0,0.0568796,0.0572607,0.669949611,23,16,-30.43478261,1.308230476,0.916170408,-29.96873071,2,3,50,0.113759172,0.171781951,51.00492442,29.25,27.33333333,-6.552706553,1.667807048,1.585184326,-4.953973643,8,5,-37.5,0.4528729,0.2850952,-37.04741
13019,GA,Berrien,4,6,50,0.209786542,0.320855615,52.94385027,0,0,0,0,0,0,19,11,-42.10526316,0.996486075,0.588235294,-40.96904025,0,0,0,0,0,0,29.75,25,-15.96638655,1.56241794,1.316274417,-15.75401287,5,5,0,0.2937375,0.2625912,-10.60344
13021,GA,Bibb,36,35,-2.777777778,0.232027534,0.227413015,-1.988780958,4,4,0,0.0257808,0.0259901,0.811539586,142,173,21.83098592,0.915219717,1.124070043,22.81969259,7,10,42.85714286,0.0451165,0.064975147,44.01648512,213.6666667,225.8333333,5.694227769,1.365613802,1.478353845,8.255631482,37,31,-16.21622,0.2385881,0.1981312,-16.9568
13023,GA,Bleckley,3,3,0,0.230167255,0.234466589,1.867917155,0,0,0,0,0,0,8,10,25,0.613779346,0.781555295,27.33489644,0,1,,0,0.07815553,,16.16666667,15.08333333,-6.701030928,1.251968301,1.162940118,-7.111057238,5,4,-20,0.3913282,0.3097653,-20.84256
13025,GA,Brantley,3,4,33.33333333,0.165480721,0.217190639,31.2483032,0,0,0,0,0,0,12,13,8.333333333,0.661922886,0.705869577,6.639246348,0,0,0,0,0,0,18.25,23.41666667,28.31050228,0.981869048,1.275765005,29.9322967,8,2,-75,0.5162622,0.1076021,-79.15747
13027,GA,Brooks,3,3,0,0.183206107,0.194577766,6.207030743,0,0,0,0,0,0,12,12,0,0.732824427,0.778311065,6.207030743,3,1,-66.66666667,0.183206107,0.064859255,-64.59765642,24.83333333,22.41666667,-9.731543624,1.61224004,1.428996409,-11.36577844,4,4,0,0.2427037,0.2596897,6.998638
13029,GA,Bryan,5,7,40,0.16673892,0.206453135,23.81820327,0,0,0,0,0,0,30,29,-3.333333333,1.000433521,0.855305846,-14.5064787,0,0,0,0,0,0,31.16666667,36,15.50802139,0.967488256,0.99365167,2.704261691,7,7,0,0.223635,0.2172968,-2.834169
13031,GA,Bulloch,7,11,57.14285714,0.102043791,0.152593394,49.5371664,1,1,0,0.0145777,0.0138721,-4.839985018,58,50,-13.79310345,0.8455057,0.693606337,-17.96550433,1,2,100,0.0145777,0.0277443,90.32002996,85.83333333,89.58333333,4.368932039,1.180748526,1.198888324,1.536296481,7,8,14.28571,0.1032525,0.1100504,6.583761
13033,GA,Burke,3,4,33.33333333,0.129774625,0.176141618,35.72885934,1,1,0,0.0432582,0.0440354,1.796644502,18,17,-5.555555556,0.778647748,0.748601876,-3.858724637,0,1,,0,0.0440354,,30.16666667,29.41666667,-2.486187845,1.304504505,1.296573813,-0.607946664,7,5,-28.57143,0.3064799,0.2162162,-29.45174
13035,GA,Butts,3,3,0,0.12667849,0.128380692,1.343717905,0,0,0,0,0,0,18,24,33.33333333,0.76007094,1.027045532,35.12495721,0,0,0,0,0,0,24.25,28.41666667,17.18213058,1.030862098,1.193125359,15.74053994,5,5,0,0.2050189,0.2125489,3.672842
13037,GA,Calhoun,1,1,0,0.149925037,0.154726907,3.202846975,0,0,0,0,0,0,7,4,-42.85714286,1.049475262,0.618907628,-41.02694459,0,0,0,0,0,0,8.083333333,7.583333333,-6.18556701,1.242824928,1.199135568,-3.515326982,3,3,0,0.4876463,0.4612546,-5.412061
13039,GA,Camden,6,5,-16.66666667,0.119942428,0.096103946,-19.87493673,1,1,0,0.0199904,0.0192208,-3.849924078,31,35,12.90322581,0.619702543,0.672727622,8.556537331,2,3,50,0.0399808,0.0576624,44.22511388,50.58333333,49.66666667,-1.812191104,0.984073253,0.936965489,-4.787017943,9,10,11.11111,0.1876055,0.194545,3.698945
13043,GA,Candler,3,4,33.33333333,0.275735294,0.367376929,33.23536615,0,0,0,0,0,0,14,14,0,1.286764706,1.285819251,-0.073475386,2,1,-50,0.183823529,0.091844232,-50.03673769,15.33333333,21,36.95652174,1.379268987,1.924839597,39.55505519,1,2,100,0.0952835,0.1799047,88.80993
13045,GA,Carroll,23,24,4.347826087,0.208271078,0.210354711,1.000442431,2,2,0,0.0181105,0.0175296,-3.207909337,76,88,15.78947368,0.688200085,0.771300606,12.07505235,4,3,-25,0.0362211,0.0262943,-27.405932,125.5833333,127.75,1.725282017,1.125500388,1.098820757,-2.37046845,20,21,5,0.1757763,0.1882058,7.071199
13047,GA,Catoosa,8,8,0,0.125246579,0.121912193,-2.662257509,1,3,200,0.0156558,0.0457171,192.0132275,34,25,-26.47058824,0.532297962,0.380975602,-28.42813052,2,1,-50,0.0313116,0.015239,-51.33112876,62.25,66.16666667,6.291834003,0.957015036,0.996515959,4.127513397,11,11,0,0.1740093,0.1691111,-2.814927
13049,GA,Charlton,3,2,-33.33333333,0.236873273,0.155074824,-34.53257864,0,0,0,0,0,0,11,8,-27.27272727,0.868535334,0.620299294,-28.58099488,0,0,0,0,0,0,16.25,16.5,1.538461538,1.222264009,1.320316876,8.022233028,3,3,0,0.2769316,0.2256487,-18.51823
13051,GA,Chatham,48,56,16.66666667,0.183120837,0.197615208,7.915194845,5,6,20,0.0190751,0.0211731,10.99848613,148,185,25,0.56462258,0.652835955,15.62342305,24,32,33.33333333,0.091560418,0.112922976,23.33165125,236.9166667,295.8333333,24.86809708,0.857046046,1.023354388,19.40483167,50,48,-4,0.1990834,0.17364,-12.78027
13053,GA,Chattahoochee,1,1,0,0.08364701,0.084480865,0.996874208,0,0,0,0,0,0,1,2,100,0.08364701,0.16896173,101.9937484,2,1,-50,0.167294019,0.084480865,-49.5015629,4,5,25,0.306819053,0.457791613,49.20573155,2,2,0,0.1452011,0.1534095,5.653141
13055,GA,Chattooga,5,7,40,0.193094925,0.280684871,45.36108104,1,1,0,0.038619,0.0400978,3.829343598,19,27,42.10526316,0.733760717,1.082641646,47.54696196,0,0,0,0,0,0,36.41666667,34.25,-5.949656751,1.415613865,1.379713181,-2.536050593,8,7,-12.5,0.2980071,0.2721089,-8.690471
13057,GA,Cherokee,37,38,2.702702703,0.174337517,0.164512847,-5.635430872,5,6,20,0.0235591,0.0259757,10.25754919,73,68,-6.849315068,0.34396321,0.294391411,-14.41194812,9,9,0,0.0424064,0.0389636,-8.118709007,107.25,118.3333333,10.33411033,0.484603393,0.489609926,1.03311954,28,33,17.85714,0.1332604,0.1491087,11.8928
13059,GA,Clarke,24,25,4.166666667,0.205403832,0.206717492,0.639549466,2,2,0,0.017117,0.0165374,-3.386032513,66,65,-1.515151515,0.564860539,0.537465478,-4.849880505,3,3,0,0.0256755,0.0248061,-3.386032513,106.5833333,110.8333333,3.987490227,0.886229968,0.888749896,0.284342496,17,18,5.882353,0.1476284,0.1496682,1.381736
13061,GA,Clay,2,2,0,0.624804749,0.644745326,3.191489362,0,0,0,0,0,0,2,2,0,0.624804749,0.644745326,3.191489362,0,0,0,0,0,0,5.25,5.833333333,11.11111111,1.684852375,1.931567329,14.64311994,1,1,0,0.3160556,0.3209243,1.540443
13063,GA,Clayton,40,54,35,0.153806519,0.201837469,31.22816231,6,7,16.66666667,0.023071,0.0261641,13.40705385,152,159,4.605263158,0.584464773,0.594299213,1.682640384,16,9,-43.75,0.0615226,0.0336396,-45.32159904,284.25,281.0833333,-1.114042803,1.069059153,1.005801624,-5.917121515,64,52,-18.75,0.2318765,0.1955711,-15.65723
13065,GA,Clinch,2,1,-50,0.294160906,0.146391451,-50.23422632,0,0,0,0,0,0,5,9,80,0.735402265,1.317523057,79.15678524,0,0,0,0,0,0,11.5,11.83333333,2.898550725,1.711818994,1.73280617,1.226016074,1,1,0,0.1410636,0.1488538,5.522479
13067,GA,Cobb,100,107,7,0.146033155,0.146378634,0.236575232,12,12,0,0.017524,0.0164163,-6.320957727,257,239,-7.003891051,0.375305209,0.326957883,-12.88213579,26,23,-11.53846154,0.0379686,0.0314646,-17.13007799,432.3333333,454.4166667,5.107941403,0.611121948,0.60738711,-0.611144447,82,86,4.878049,0.1163414,0.1215647,4.489634
13069,GA,Coffee,8,8,0,0.190073416,0.186867861,-1.686482446,1,1,0,0.0237592,0.0233585,-1.686482446,40,42,5,0.950367079,0.981056271,3.229193432,3,4,33.33333333,0.071277531,0.093433931,31.08469007,67.83333333,64.75,-4.545454545,1.571307235,1.505393844,-4.194812441,24,19,-20.83333,0.5890727,0.4401205,-25.28588
13071,GA,Colquitt,14,13,-7.142857143,0.310063785,0.281983428,-9.056316119,1,1,0,0.0221474,0.021691,-2.060648128,30,35,16.66666667,0.664422395,0.759186152,14.26257718,4,3,-25,0.088589653,0.065073099,-26.5454861,51.91666667,65.41666667,26.00321027,1.125271835,1.431186371,27.18583426,12,9,-25,0.264259,0.1950712,-26.18181
13073,GA,Columbia,19,18,-5.263157895,0.156959934,0.129257416,-17.64941987,2,3,50,0.0165221,0.0215429,30.38841854,34,38,11.76470588,0.280875671,0.272876767,-2.847845013,3,1,-66.66666667,0.0247831,0.00718097,-71.02479588,66.5,80.58333333,21.17794486,0.505215495,0.546512942,8.174224133,17,22,29.41176,0.1538587,0.167139,8.631474
13075,GA,Cook,8,4,-50,0.467453547,0.232369002,-50.29046125,0,0,0,0,0,0,15,16,6.666666667,0.8764754,0.929476008,6.047015995,0,0,0,0,0,0,25.58333333,25.75,0.651465798,1.511749296,1.499970874,-0.779125316,5,3,-40,0.30155,0.1772735,-41.21255
13077,GA,Coweta,18,18,0,0.143425152,0.132771758,-7.427842238,2,3,50,0.0159361,0.0221286,38.85823664,51,50,-1.960784314,0.406371264,0.368810439,-9.242982586,3,3,0,0.0239042,0.0221286,-7.427842238,96.16666667,96.5,0.346620451,0.734494777,0.686705663,-6.506392632,14,18,28.57143,0.1134375,0.1374791,21.19371
13079,GA,Crawford,2,1,-50,0.157344033,0.080729797,-48.69217728,0,0,0,0,0,0,4,7,75,0.314688065,0.565108582,79.57737951,0,0,0,0,0,0,10.08333333,10.41666667,3.305785124,0.80026455,0.845371422,5.636495095,1,1,0,0.0796622,0.0793651,-0.3730143
13081,GA,Crisp,9,14,55.55555556,0.384977329,0.610447371,58.56709592,1,1,0,0.0427753,0.0436034,1.935990233,26,26,0,1.112156729,1.133687974,1.935990233,1,0,-100,0.0427753,0,-100,38.16666667,40.58333333,6.331877729,1.616820582,1.786159647,10.47358416,7,7,0,0.3148473,0.2965348,-5.816316
13083,GA,Dade,4,4,0,0.240139281,0.244066142,1.635243151,0,0,0,0,0,0,19,21,10.52631579,1.140661584,1.281347245,12.3336898,0,0,0,0,0,0,25.75,27,4.854368932,1.561552456,1.66082303,6.357171907,4,4,0,0.2479544,0.2425713,-2.171012
13085,GA,Dawson,4,3,-25,0.179171333,0.130679096,-27.06472971,1,1,0,0.0447928,0.0435597,-2.752972949,13,13,0,0.582306831,0.566276081,-2.752972949,1,0,-100,0.0447928,0,-100,24.25,24.91666667,2.749140893,1.081527072,1.055612043,-2.396151622,4,4,0,0.1809627,0.1783962,-1.418257
13087,GA,Decatur,7,6,-14.28571429,0.249483213,0.220426157,-11.64689829,1,1,0,0.0356405,0.0367377,3.078618663,35,28,-20,1.247416067,1.0286554,-17.53710507,2,1,-50,0.071280918,0.0367377,-48.46069067,41.5,45.66666667,10.04016064,1.508597186,1.702582457,12.85865257,6,6,0,0.2086666,0.2181104,4.525786
13089,GA,DeKalb,136,153,12.5,0.196913668,0.211864113,7.592385908,9,11,22.22222222,0.0130311,0.0152321,16.89049333,290,345,18.96551724,0.419889439,0.477732805,13.77585636,31,53,70.96774194,0.0448847,0.073390837,63.50957572,580.3333333,589,1.493394601,0.820735909,0.795600827,-3.062505461,111,106,-4.504505,0.1499137,0.1499104,-0.0021967
13091,GA,Dodge,9,7,-22.22222222,0.41553165,0.333714722,-19.68969828,1,1,0,0.0461702,0.0476735,3.256102212,15,18,20,0.692552749,0.85812357,23.90732265,1,1,0,0.0461702,0.0476735,3.256102212,24.83333333,25.5,2.684563758,1.164298998,1.240091426,6.509704829,8,5,-37.5,0.4047764,0.2344226,-42.0859
13093,GA,Dooly,1,0,-100,0.067709391,0,-100,0,0,0,0,0,0,14,19,35.71428571,0.947931478,1.339159853,41.27179911,0,0,0,0,0,0,18.16666667,17.33333333,-4.587155963,1.268799181,1.259415341,-0.739584326,4,3,-25,0.3473127,0.2095265,-39.67209
13095,GA,Dougherty,23,19,-17.39130435,0.242903008,0.205612129,-15.35216841,2,3,50,0.021122,0.0324651,53.70264158,73,90,23.28767123,0.770953025,0.97395219,26.33093828,11,7,-36.36363636,0.116171004,0.075751837,-34.79281873,128,132,3.125,1.354483021,1.466389682,8.261946355,23,21,-8.695652,0.2412874,0.2222199,-7.902424
13097,GA,Douglas,16,14,-12.5,0.121865765,0.100881997,-17.2187554,3,3,0,0.0228498,0.0216176,-5.392863319,66,67,1.515151515,0.50269628,0.482792414,-3.959421854,1,3,200,0.00761661,0.0216176,183.82141,113.75,109.6666667,-3.58974359,0.84906435,0.771084111,-9.184255389,15,21,40,0.117086,0.1567504,33.87629
13099,GA,Early,5,4,-20,0.450409873,0.381279192,-15.34839386,0,0,0,0,0,0,11,15,36.36363636,0.990901721,1.429796969,44.29251046,2,0,-100,0.180163949,0,-100,21,17.08333333,-18.65079365,1.982254106,1.652319696,-16.64440545,5,4,-20,0.4274235,0.3775722,-11.66321
13101,GA,Echols,0,0,0,0,0,0,0,0,0,0,0,0,1,2,100,0.249252243,0.499625281,100.4496628,0,0,0,0,0,0,4,4.666666667,16.66666667,1.003009027,1.177856302,17.43227326,0,1,,0,0.2507523,
13103,GA,Effingham,5,4,-20,0.096324266,0.072172203,-25.07370586,1,1,0,0.0192649,0.0180431,-6.342132328,26,31,19.23076923,0.500886183,0.559334572,11.66899607,2,1,-50,0.0385297,0.0180431,-53.17106616,35.41666667,39.5,11.52941176,0.664565077,0.672775583,1.235470452,8,6,-25,0.1535214,0.1125851,-26.66485
13105,GA,Elbert,6,6,0,0.295057782,0.308673732,4.614672291,0,0,0,0,0,0,14,18,28.57142857,0.688468158,0.926021196,34.50457866,0,1,,0,0.0514456,,26.08333333,28,7.348242812,1.325103299,1.462675652,10.38200969,5,5,0,0.2430134,0.2540134,4.526528
13107,GA,Emanuel,6,3,-50,0.26718917,0.131839156,-50.65699846,1,1,0,0.0445315,0.0439464,-1.313996924,23,18,-21.73913044,1.024225151,0.791034937,-22.76747585,0,2,,0,0.087892771,,35.75,37.33333333,4.428904429,1.561271727,1.649363081,5.642282024,11,6,-45.45454,0.478823,0.2620316,-45.27589
13109,GA,Evans,1,3,200,0.090777052,0.275279868,203.2483024,0,0,0,0,0,0,16,10,-37.5,1.452432825,0.91759956,-36.82327033,1,1,0,0.090777052,0.091759956,1.08276748,21.08333333,23.58333333,11.85770751,1.972432719,2.210246798,12.05689181,2,2,0,0.1726072,0.1871082,8.401157
13111,GA,Fannin,9,9,0,0.380372765,0.378899507,-0.387319496,0,0,0,0,0,0,11,11,0,0.464900046,0.463099398,-0.387319496,2,0,-100,0.084527281,0,-100,19.58333333,18.41666667,-5.957446809,0.833617118,0.739625167,-11.27519439,6,5,-16.66667,0.2643055,0.2128384,-19.47259
13113,GA,Fayette,16,17,6.25,0.151668831,0.155018967,2.208849303,2,2,0,0.0189586,0.0182375,-3.80343595,42,42,0,0.398130682,0.382988036,-3.80343595,2,5,150,0.0189586,0.0455938,140.4914101,61.91666667,61.08333333,-1.34589502,0.575840433,0.547209307,-4.972058876,14,14,0,0.1315814,0.1302035,-1.047204
13115,GA,Floyd,14,19,35.71428571,0.145253831,0.197786869,36.16636999,4,3,-25,0.0415011,0.0312295,-24.75016396,72,76,5.555555556,0.747019703,0.791147476,5.907176656,3,0,-100,0.0311258,0,-100,123.5833333,115.25,-6.743088334,1.284957249,1.193558409,-7.112986814,18,20,11.11111,0.1880956,0.2079499,10.55542
13117,GA,Forsyth,32,36,12.5,0.186054084,0.176209729,-5.291125393,5,6,20,0.029071,0.0293683,1.022799581,57,72,26.31578947,0.331408836,0.352419457,6.339789033,9,11,22.22222222,0.0523277,0.0538419,2.893592166,93.08333333,109.75,17.90510295,0.495313808,0.496586112,0.256868218,21,22,4.761905,0.1249271,0.1170661,-6.292471
13119,GA,Franklin,5,5,0,0.225713254,0.224577794,-0.503054258,0,0,0,0,0,0,13,16,23.07692308,0.58685446,0.71864894,22.45777938,0,0,0,0,0,0,31.58333333,34.41666667,8.970976253,1.44255656,1.541965352,6.891153857,6,6,0,0.2751788,0.2740477,-0.4110589
13121,GA,Fulton,175,204,16.57142857,0.193261043,0.204753698,5.946700662,11,12,9.090909091,0.0121478,0.0120443,-0.852018097,350,370,5.714285714,0.386522085,0.371367002,-3.920884203,62,58,-6.451612903,0.068469627,0.0582143,-14.97794025,697.9166667,674.5833333,-3.343283582,0.713781897,0.659200237,-7.646826084,188,155,-17.55319,0.1855222,0.1585235,-14.5528
13123,GA,Gilmer,4,7,75,0.14197487,0.242811058,71.02396892,1,1,0,0.0354937,0.0346873,-2.27201776,16,13,-18.75,0.567899482,0.450934823,-20.59601443,1,1,0,0.0354937,0.0346873,-2.27201776,20.41666667,26.41666667,29.3877551,0.724252099,0.888462875,22.67315159,7,6,-14.28571,0.2420638,0.2128414,-12.07217
13125,GA,Glascock,1,1,0,0.32615786,0.327546675,0.425810678,0,0,0,0,0,0,3,2,-33.33333333,0.978473581,0.655093351,-33.04945955,0,0,0,0,0,0,3.166666667,3.333333333,5.263157895,1.007850626,1.108893324,10.02556291,1,0,-100,0.3584229,0,-100
13127,GA,Glynn,19,20,5.263157895,0.240670838,0.243383024,1.126927449,1,2,100,0.0126669,0.0243383,92.14116215,56,54,-3.571428571,0.709345629,0.657134165,-7.360511104,3,9,200,0.0380007,0.109522361,188.2117432,98.83333333,103.6666667,4.890387858,1.219833296,1.226795421,0.570743948,19,16,-15.78947,0.2498554,0.1974772,-20.96338
13129,GA,Gordon,13,11,-15.38461539,0.236600237,0.19626385,-17.04832894,1,1,0,0.0182,0.0178422,-1.966206933,39,37,-5.128205128,0.70980071,0.660160223,-6.993580937,3,3,0,0.0546001,0.0535265,-1.966206933,71.91666667,73.83333333,2.665121669,1.289614939,1.297506912,0.61196357,9,8,-11.11111,0.1699267,0.1434566,-15.57739
13131,GA,Grady,3,5,66.66666667,0.120515808,0.197168658,63.60398018,1,1,0,0.0401719,0.0394337,-1.837611893,17,19,11.76470588,0.68292291,0.749240901,9.710904355,2,1,-50,0.080343872,0.0394337,-50.91880595,32.08333333,28.41666667,-11.42857143,1.261137317,1.145463829,-9.172156447,4,4,0,0.1596424,0.1572327,-1.509434
13133,GA,Greene,4,6,50,0.251035522,0.363856883,44.94238933,0,0,0,0,0,0,13,18,38.46153846,0.815865445,1.091570649,33.79297476,2,2,0,0.125517761,0.121285628,-3.371740449,27.58333333,28.08333333,1.812688822,1.714102245,1.651669313,-3.642310856,4,4,0,0.2537266,0.2485707,-2.032054
13135,GA,Gwinnett,144,145,0.694444444,0.180841819,0.165162737,-8.670053325,18,16,-11.11111111,0.0226052,0.0182249,-19.37770225,339,342,0.884955752,0.425731781,0.389556248,-8.497259407,51,47,-7.843137255,0.064048144,0.0535355,-16.41364718,522.0833333,548,4.964086193,0.620017592,0.604099721,-2.567325787,93,107,15.05376,0.1176442,0.1270714,8.013316
13137,GA,Habersham,7,6,-14.28571429,0.162991594,0.137136588,-15.86278505,0,1,,0,0.0228561,,33,32,-3.03030303,0.768388945,0.731395136,-4.814463893,1,2,100,0.0232845,0.0457122,96.32016822,50,56.41666667,12.83333333,1.148897059,1.275068179,10.98193434,9,8,-11.11111,0.2094241,0.1838235,-12.22427
13139,GA,Hall,34,34,0,0.190472989,0.178233496,-6.42584176,3,5,66.66666667,0.0168064,0.0262108,55.9569304,108,104,-3.703703704,0.605031848,0.545184812,-9.891551325,9,8,-11.11111111,0.0504193,0.0419373,-16.82297045,182,177.75,-2.335164835,0.981576563,0.903949918,-7.908363752,36,37,2.777778,0.194878,0.1995513,2.398082
13141,GA,Hancock,1,2,100,0.10517459,0.235045246,123.4810201,0,0,0,0,0,0,9,8,-11.11111111,0.946571308,0.940180985,-0.675102179,0,0,0,0,0,0,17.25,13.58333333,-21.25603865,1.917518897,1.572145062,-18.0114958,3,1,-66.66666,0.3149937,0.1111605,-64.71024
13143,GA,Haralson,7,4,-42.85714286,0.243275179,0.139659928,-42.59178899,1,1,0,0.0347536,0.034915,0.464369261,24,24,0,0.834086328,0.837959568,0.464369261,1,1,0,0.0347536,0.034915,0.464369261,31.66666667,32.75,3.421052632,1.115023474,1.127677157,1.134835574,8,8,0,0.277306,0.2816902,1.580994
13145,GA,Harris,7,5,-28.57142857,0.222264558,0.152086629,-31.57405315,0,0,0,0,0,0,19,19,0,0.603289515,0.577929188,-4.203674413,0,0,0,0,0,0,18.83333333,23.75,26.10619469,0.57859703,0.705753001,21.97660279,4,2,-50,0.1354325,0.0614439,-54.63134
13147,GA,Hart,4,4,0,0.159311773,0.157623044,-1.060014974,1,1,0,0.0398279,0.0394058,-1.060014974,15,14,-6.666666667,0.597419149,0.551680656,-7.656013976,0,0,0,0,0,0,25.16666667,23.33333333,-7.284768212,0.986231941,0.913134792,-7.411760468,6,6,0,0.2474023,0.2351281,-4.961198
13149,GA,Heard,3,1,-66.66666667,0.254993625,0.086184607,-66.20126979,0,0,0,0,0,0,7,8,14.28571429,0.594985125,0.689476859,15.88136073,0,0,0,0,0,0,7.75,6.25,-19.35483871,0.666208201,0.544093323,-18.32983709,1,1,0,0.0864977,0.0859623,-0.6189314
13151,GA,Henry,25,26,4,0.125236697,0.121569746,-2.928016683,6,6,0,0.0300568,0.0280546,-6.661554503,100,119,19,0.500946789,0.556415376,11.07275014,1,3,200,0.00500947,0.0140273,180.0153365,146.9166667,163.9166667,11.57118548,0.702772343,0.739135794,5.174285911,24,25,4.166667,0.1259651,0.1195869,-5.063446
13153,GA,Houston,21,14,-33.33333333,0.152820632,0.093889787,-38.56210027,3,3,0,0.0218315,0.0201192,-7.843150405,78,117,50,0.567619491,0.784650361,38.23527439,2,4,100,0.0145543,0.0268257,84.31369919,131.25,157.75,20.19047619,0.898135983,1.036996621,15.46098151,22,24,9.090909,0.164831,0.1642306,-0.3642865
13155,GA,Irwin,1,1,0,0.104865772,0.109841828,4.74516696,0,0,0,0,0,0,6,7,16.66666667,0.629194631,0.768892794,22.20269479,0,0,0,0,0,0,10.08333333,9,-10.74380165,1.050347222,0.955211208,-9.05757757,1,1,0,0.0970591,0.1041667,7.322915
13157,GA,Jackson,10,6,-40,0.166522347,0.096977534,-41.76305156,0,0,0,0,0,0,34,40,17.64705882,0.566175981,0.64651689,14.19009498,0,1,,0,0.0161629,,52,62.5,20.19230769,0.85849664,0.967267662,12.66994149,11,11,0,0.1767807,0.1816051,2.729023
13159,GA,Jasper,2,3,50,0.144487791,0.22334723,54.57861823,0,0,0,0,0,0,8,5,-37.5,0.577951163,0.372245384,-35.59224241,0,0,0,0,0,0,9.25,9.666666667,4.504504505,0.678650037,0.707973243,4.320814149,3,4,33.33333,0.2163098,0.2934703,35.67132
13161,GA,Jeff Davis,6,4,-33.33333333,0.402900886,0.26919712,-33.18527492,1,1,0,0.067150148,0.06729928,0.222087624,10,13,30,0.671501477,0.874890639,30.28871391,0,0,0,0,0,0,23,21.91666667,-4.710144928,1.517550805,1.47319128,-2.923099854,6,3,-50,0.445699,0.1979414,-55.58855
13163,GA,Jefferson,7,6,-14.28571429,0.410148239,0.368731563,-10.09797724,0,0,0,0,0,0,16,19,18.75,0.93748169,1.167649951,24.55176069,0,0,0,0,0,0,28.25,25.58333333,-9.439528024,1.719206426,1.607397168,-6.503538859,6,7,16.66667,0.365653,0.4259981,16.50338
13165,GA,Jenkins,1,1,0,0.119918455,0.109589041,-8.61369863,0,0,0,0,0,0,6,6,0,0.719510733,0.657534247,-8.61369863,0,0,0,0,0,0,11.08333333,13.58333333,22.55639098,1.203010239,1.535013373,27.59769805,2,1,-50,0.2360718,0.1085423,-54.0215
13167,GA,Johnson,1,2,100,0.1001001,0.206164313,105.9581486,0,0,0,0,0,0,3,4,33.33333333,0.3003003,0.412328626,37.30543243,1,0,-100,0.1001001,0,-100,11.41666667,12,5.109489051,1.153548213,1.262493425,9.444356985,2,2,0,0.2119767,0.2020814,-4.668085
13169,GA,Jones,1,2,100,0.0348311,0.069475805,99.4650363,0,0,0,0,0,0,10,13,30,0.348310693,0.451592733,29.6522736,0,2,,0,0.069475805,,22.08333333,20.33333333,-7.924528302,0.772765977,0.710384423,-8.072502718,3,3,0,0.1083658,0.1049795,-3.124888
13171,GA,Lamar,3,4,33.33333333,0.164536829,0.219695721,33.52373629,0,0,0,0,0,0,11,10,-9.090909091,0.603301706,0.549239304,-8.961088892,1,1,0,0.0548456,0.0549239,0.142802219,18,18.25,1.388888889,0.996843329,0.988142292,-0.872859025,5,4,-20,0.2879687,0.2215208,-23.0747
13173,GA,Lanier,1,1,0,0.101936799,0.096404126,-5.427552299,0,1,,0,0.096404126,,4,5,25,0.407747197,0.48202063,18.21555963,1,1,0,0.101936799,0.096404126,-5.427552299,13.08333333,12.58333333,-3.821656051,1.258012821,1.210052249,-3.812407244,1,1,0,0.1201923,0.0961538,-20
13175,GA,Laurens,12,9,-25,0.2469085,0.188083844,-23.82447598,1,1,0,0.0205757,0.0208982,1.567365363,41,50,21.95121951,0.843604041,1.044910242,23.86264069,5,3,-40,0.102878542,0.062694615,-39.05958078,78,80.16666667,2.777777778,1.623613164,1.687150995,3.913360178,12,12,0,0.2500729,0.2497866,-0.1144791
13177,GA,Lee,3,6,100,0.105909765,0.205542804,94.07351581,0,0,0,0,0,0,17,16,-5.882352941,0.600155334,0.548114145,-8.671286678,0,1,,0,0.0342571,,21.08333333,30.33333333,43.87351779,0.733435377,1.033961664,40.97515568,4,6,50,0.1183292,0.2087247,76.39324
13179,GA,Liberty,7,6,-14.28571429,0.104382577,0.092027363,-11.83647176,1,1,0,0.0149118,0.0153379,2.857449615,50,48,-4,0.745589836,0.736218902,-1.25684837,4,5,25,0.0596472,0.076689469,28.57181202,62.5,70.25,12.4,0.95462113,1.122742528,17.61132172,7,8,14.28571,0.118904,0.1221915,2.764798
13181,GA,Lincoln,1,1,0,0.123869689,0.13119916,5.917082131,0,0,0,0,0,0,6,6,0,0.743218135,0.787194962,5.917082131,0,0,0,0,0,0,6,7,16.66666667,0.775494378,0.894225856,15.31042412,1,1,0,0.1249531,0.1292491,3.438033
13183,GA,Long,2,1,-50,0.145064191,0.0584351,-59.71775843,0,0,0,0,0,0,7,5,-28.57142857,0.507724668,0.292175539,-42.45394061,0,1,,0,0.0584351,,9.666666667,8,-17.24137931,0.602359588,0.433910072,-27.96494306,1,1,0,0.0876194,0.0623131,-28.8821
13185,GA,Lowndes,12,13,8.333333333,0.111541786,0.114514239,2.664878483,3,3,0,0.0278854,0.0264264,-5.232419862,85,89,4.705882353,0.790087653,0.783982101,-0.772769032,11,9,-18.18181818,0.102246637,0.079279089,-22.46288898,120.4166667,133.6666667,11.00346021,1.051196545,1.166090891,10.92986333,18,17,-5.555555,0.171946,0.1484042,-13.69141
13187,GA,Lumpkin,2,3,50,0.067287959,0.096227868,43.00904542,1,1,0,0.033644,0.032076,-4.660636387,16,14,-12.5,0.538303671,0.449063382,-16.57805684,1,2,100,0.033644,0.064151912,90.67872723,19.41666667,21,8.154506438,0.634303573,0.667832724,5.285978584,4,4,0,0.1470859,0.130672,-11.15939
13189,GA,McDuffie,4,4,0,0.183183733,0.187178287,2.180627047,1,1,0,0.0457959,0.0467946,2.180627047,14,23,64.28571429,0.641143066,1.076275152,67.86817301,2,2,0,0.091591867,0.093589144,2.180627047,26.41666667,28.58333333,8.201892744,1.219437136,1.330076004,9.072945674,5,5,0,0.2295579,0.2308083,0.5447062
13191,GA,McIntosh,2,2,0,0.140173816,0.140706346,0.379907134,0,0,0,0,0,0,11,16,45.45454546,0.770955985,1.125650767,46.00713765,2,1,-50,0.140173816,0.070353173,-49.81004643,15,15.75,5,1.083893345,1.130896819,4.336540533,2,3,50,0.174216,0.2167787,24.43095
13193,GA,Macon,7,4,-42.85714286,0.471634551,0.290023202,-38.50679483,0,0,0,0,0,0,9,11,22.22222222,0.606387279,0.797563805,31.52713328,1,1,0,0.067376364,0.0725058,7.613109049,22.5,21.41666667,-4.814814815,1.577508238,1.592317224,0.938758089,6,4,-33.33333,0.4510261,0.2804459,-37.82047
13195,GA,Madison,4,4,0,0.142816338,0.141282848,-1.073749647,0,0,0,0,0,0,21,24,14.28571429,0.749785775,0.84769709,13.05857183,0,0,0,0,0,0,30.75,33.08333333,7.588075881,1.101282143,1.147770377,4.221282776,5,4,-20,0.178514,0.1432562,-19.75074
13197,GA,Marion,3,2,-33.33333333,0.350426352,0.227350233,-35.12182183,0,0,0,0,0,0,5,8,60,0.58404392,0.909400932,55.7076276,0,0,0,0,0,0,10,9.916666667,-0.833333333,1.147973826,1.163381824,1.342190677,3,2,-33.33333,0.427899,0.2295948,-46.3437
13199,GA,Meriwether,5,8,60,0.222756839,0.377394094,69.41975658,0,0,0,0,0,0,20,16,-20,0.891027355,0.754788188,-15.29012171,0,0,0,0,0,0,28.33333333,27.25,-3.823529412,1.331891756,1.293062542,-2.915343133,6,5,-16.66667,0.2616545,0.2350397,-10.17174
13201,GA,Miller,4,2,-50,0.652422117,0.335683115,-48.54817053,0,0,0,0,0,0,2,3,50,0.326211059,0.503524673,54.35548842,1,2,100,0.163105529,0.335683115,105.8073179,11,9.583333333,-12.87878788,1.84285475,1.617167285,-12.24662249,2,2,0,0.3218539,0.3350645,4.104541
13205,GA,Mitchell,8,8,0,0.339097999,0.351324053,3.605463089,0,2,,0,0.087831013,,21,25,19.04761905,0.890132248,1.097887664,23.33983701,0,0,0,0,0,0,39.66666667,32.08333333,-19.11764706,1.713907132,1.428529023,-16.65073349,6,5,-16.66667,0.2501146,0.2160387,-13.62411
13207,GA,Monroe,5,3,-40,0.190599626,0.11090163,-41.81435067,0,1,,0,0.0369672,,26,27,3.846153846,0.991118057,0.998114672,0.705931531,0,0,0,0,0,0,26.58333333,27.41666667,3.134796238,0.997985259,1.004052833,0.607982399,3,4,33.33333,0.1189768,0.1501671,26.21541
13209,GA,Montgomery,1,1,0,0.109457093,0.111222333,1.612723835,0,0,0,0,0,0,8,10,25,0.875656743,1.112223334,27.01590479,0,0,0,0,0,0,16.58333333,13.66666667,-17.5879397,1.860578182,1.508462104,-18.92508902,4,3,-25,0.4494382,0.336587,-25.10939
13211,GA,Morgan,4,2,-50,0.22320183,0.111383382,-50.09746046,1,1,0,0.0558005,0.0556917,-0.194920918,12,13,8.333333333,0.669605491,0.72399198,8.122169006,1,2,100,0.0558005,0.111383382,99.61015816,17.91666667,21.83333333,21.86046512,1.001994668,1.201614383,19.92223317,2,2,0,0.1075269,0.1118506,4.021033
13213,GA,Murray,8,4,-50,0.200561572,0.101497082,-49.39355494,0,0,0,0,0,0,26,21,-19.23076923,0.65182511,0.53285968,-18.2511272,0,0,0,0,0,0,50.5,54.33333333,7.590759076,1.28198619,1.382000085,7.801479881,6,7,16.66667,0.148002,0.1777011,20.06669
13215,GA,Muscogee,33,39,18.18181818,0.174791839,0.194138994,11.06868312,4,4,0,0.0211869,0.0199117,-6.018806593,98,108,10.20408163,0.519078794,0.537615674,3.571111102,9,9,0,0.0476705,0.0448013,-6.018806593,176.9166667,207.75,17.42816769,0.891658645,1.051978631,17.97997334,42,32,-23.80952,0.2250249,0.1612798,-28.32805
13217,GA,Newton,19,19,0,0.190966289,0.183265011,-4.032794791,1,2,100,0.0100509,0.0192911,91.93441042,45,47,4.444444444,0.45228858,0.453339764,0.232414329,0,2,,0,0.0192911,,80.33333333,89,10.78838174,0.791422426,0.831783475,5.099811108,13,14,7.692307,0.132134,0.1379242,4.382127
13219,GA,Oconee,4,6,50,0.123510159,0.170974268,38.42931639,1,1,0,0.0308775,0.0284957,-7.713789075,14,13,-7.142857143,0.432285555,0.370444248,-14.30566128,2,0,-100,0.0617551,0,-100,21.25,20.91666667,-1.568627451,0.632083048,0.567801365,-10.16981612,5,5,0,0.1537137,0.1487254,-3.245187
13221,GA,Oglethorpe,1,1,0,0.067640693,0.068152389,0.756491515,0,0,0,0,0,0,8,5,-37.5,0.541125541,0.340761944,-37.0271928,0,0,0,0,0,0,10.25,8.416666667,-17.88617886,0.701190313,0.564081943,-19.55366012,1,1,0,0.0702494,0.0684088,-2.620061
13223,GA,Paulding,13,15,15.38461539,0.092355127,0.100679925,9.013899509,4,4,0,0.028417,0.026848,-5.521287092,45,53,17.77777778,0.319690823,0.355735735,11.27492854,1,2,100,0.00710424,0.013424,88.95742582,69.83333333,81.83333333,17.18377088,0.482274401,0.525161773,8.892732385,12,14,16.66667,0.0900225,0.0966851,7.401013
13225,GA,Peach,4,4,0,0.145592196,0.148577372,2.050367729,0,0,0,0,0,0,28,25,-10.71428571,1.019145374,0.928608573,-8.883600242,1,1,0,0.036398,0.0371443,2.050367729,35.25,31.75,-9.929078014,1.276156687,1.191146126,-6.661451619,4,7,75,0.1479509,0.2534212,71.28737
13227,GA,Pickens,6,5,-16.66666667,0.20310067,0.166683335,-17.93068196,0,1,,0,0.0333367,,16,16,0,0.541601787,0.533386672,-1.516818349,1,0,-100,0.0338501,0,-100,26.25,26.33333333,0.317460317,0.896883969,0.854090988,-4.771295129,7,10,42.85714,0.2253485,0.3416701,51.61855
13229,GA,Pierce,4,4,0,0.215470804,0.210626086,-2.248433468,0,0,0,0,0,0,16,16,0,0.861883215,0.842504344,-2.248433468,0,1,,0,0.0526565,,28.25,25.41666667,-10.02949853,1.499150923,1.325787213,-11.56412656,4,5,25,0.2200704,0.2653365,20.56889
13231,GA,Pike,3,2,-33.33333333,0.169290672,0.112460639,-33.56950068,0,0,0,0,0,0,9,11,22.22222222,0.507872016,0.618533513,21.78924876,0,0,0,0,0,0,10.66666667,11.5,7.8125,0.598914468,0.640989911,7.025284265,1,1,0,0.0568893,0.0561482,-1.302637
13233,GA,Polk,8,8,0,0.193302083,0.194491041,0.615077918,2,2,0,0.0483255,0.0486228,0.615077918,42,38,-9.523809524,1.014835935,0.923832446,-8.967310455,1,0,-100,0.0241628,0,-100,63.75,61.75,-3.137254902,1.547780907,1.478121409,-4.500604531,7,7,0,0.1663458,0.1699524,2.168108
13235,GA,Pulaski,2,2,0,0.168024868,0.174170513,3.657580772,0,0,0,0,0,0,12,9,-25,1.008149206,0.783767308,-22.25681442,1,1,0,0.084012434,0.087085256,3.657580772,19,16,-15.78947368,1.62116041,1.422095814,-12.27914244,2,2,0,0.2045408,0.1706485,-16.56997
13237,GA,Putnam,2,4,100,0.094433165,0.188750472,99.87731219,1,1,0,0.0472166,0.0471876,-0.061344,21,24,14.28571429,0.991548232,1.132502831,14.21560697,1,0,-100,0.0472166,0,-100,23.16666667,30,29.49640288,1.092870397,1.396843135,27.81416158,4,4,0,0.195599,0.188697,-3.528637
13239,GA,Quitman,0,1,,0,0.431965443,,0,0,0,0,0,0,5,7,40,2.002402883,3.023758099,51.00647948,0,0,0,0,0,0,5.583333333,2,-64.17910448,2.322518026,0.856531049,-63.12058551,0,0,0,0,0,0
13241,GA,Rabun,5,3,-40,0.30684259,0.184694946,-39.80791726,1,1,0,0.0613685,0.061565,0.320137906,15,12,-20,0.920527769,0.738779782,-19.74388968,1,0,-100,0.0613685,0,-100,18.75,16.33333333,-12.88888889,1.1505185,0.986371963,-14.26717931,4,5,25,0.2400096,0.3068049,27.83028
13243,GA,Randolph,1,1,0,0.12926577,0.136742787,5.784219882,0,0,0,0,0,0,5,8,60,0.646328852,1.093942295,69.25475181,0,0,0,0,0,0,9.583333333,14,46.08695652,1.307947773,1.95067577,49.14018816,4,4,0,0.5589715,0.545926,-2.333827
13245,GA,Richmond,37,32,-13.51351351,0.186408315,0.158913035,-14.75002872,2,4,100,0.0100761,0.0198641,97.14055858,116,132,13.79310345,0.584415257,0.655516269,12.16617988,12,12,0,0.0604568,0.0595924,-1.42972071,211.25,217,2.721893491,1.042761875,1.076138004,3.200743064,37,29,-21.62162,0.1856395,0.1431484,-22.88906
13247,GA,Rockdale,18,18,0,0.212703102,0.205118855,-3.565649429,2,2,0,0.0236337,0.022791,-3.565649429,46,47,2.173913043,0.543574594,0.535588121,-1.469250504,2,2,0,0.0236337,0.022791,-3.565649429,76.58333333,80.75,5.440696409,0.892371631,0.90369873,1.269325341,15,15,0,0.1798561,0.1747844,-2.819849
13249,GA,Schley,1,1,0,0.201857085,0.193685842,-4.048034089,0,1,,0,0.193685842,,2,4,100,0.40371417,0.774743366,91.90393182,0,0,0,0,0,0,5,2.5,-50,1.002004008,0.490388388,-51.05923892,1,1,0,0.2338087,0.2004008,-14.28857
13251,GA,Screven,3,3,0,0.20127474,0.212992545,5.821796237,0,0,0,0,0,0,13,13,0,0.87219054,0.922967696,5.821796237,0,0,0,0,0,0,22.83333333,21.66666667,-5.109489051,1.607754776,1.542770341,-4.04193702,3,4,33.33333,0.1989918,0.2816505,41.53876
13253,GA,Seminole,3,6,100,0.342465753,0.690766751,101.7038913,0,1,,0,0.115127792,,8,10,25,0.913242009,1.151277918,26.06493208,0,0,0,0,0,0,17,11.66666667,-31.37254902,1.900078239,1.37773579,-27.49057582,4,4,0,0.4395122,0.4470772,1.721245
13255,GA,Spalding,14,11,-21.42857143,0.218289545,0.171907233,-21.24806883,1,1,0,0.0155921,0.0156279,0.229730574,47,41,-12.76595745,0.732829188,0.64074514,-12.56555418,0,0,0,0,0,0,63.75,70.33333333,10.32679739,0.998199327,1.085290457,8.724823551,13,10,-23.07692,0.2028429,0.1565803,-22.80713
13257,GA,Stephens,3,4,33.33333333,0.115079213,0.156985871,36.41548927,1,1,0,0.0383597,0.0392465,2.311616954,20,23,15,0.767194752,0.90266876,17.6583595,1,0,-100,0.0383597,0,-100,29.5,30.16666667,2.259887006,1.139392067,1.171475541,2.8158415,6,6,0,0.2346867,0.2317408,-1.255261
13259,GA,Stewart,0,1,,0,0.174094708,,0,0,0,0,0,0,7,4,-42.85714286,1.172922252,0.69637883,-40.6287306,0,0,0,0,0,0,5.166666667,7.083333333,37.09677419,0.855125234,1.241600935,45.19521642,5,3,-40,1.093613,0.4965243,-54.59781
13261,GA,Sumter,7,6,-14.28571429,0.21391028,0.192110656,-10.19101288,1,1,0,0.0305586,0.0320184,4.777151639,26,32,23.07692308,0.794523897,1.024590164,28.95649433,3,2,-33.33333333,0.091675834,0.064036885,-30.14856557,46,47.66666667,3.623188406,1.457818343,1.568550024,7.595711835,10,8,-20,0.3095304,0.2535336,-18.09089
13263,GA,Talbot,2,1,-50,0.290993744,0.156494523,-46.22065728,0,0,0,0,0,0,4,5,25,0.581987487,0.782472613,34.44835681,0,0,0,0,0,0,6.75,5.833333333,-13.58024691,1.035752647,0.945281694,-8.734802971,1,0,-100,0.1559576,0,-100
13265,GA,Taliaferro,0,0,0,0,0,0,0,0,0,0,0,0,3,3,0,1.691093574,1.772002363,4.784406379,0,0,0,0,0,0,3,2.583333333,-13.88888889,1.785714286,1.621678175,-9.18602218,0,1,,0,0.5952381,
13267,GA,Tattnall,6,4,-33.33333333,0.239348971,0.158579131,-33.74563907,0,0,0,0,0,0,27,22,-18.51851852,1.077070369,0.87218522,-19.02244776,1,0,-100,0.0398915,0,-100,36.58333333,33.16666667,-9.339407745,1.441196554,1.321802434,-8.284374549,7,6,-14.28571,0.300907,0.2363694,-21.44771
13269,GA,Taylor,3,2,-33.33333333,0.338829907,0.236910685,-30.07975993,0,0,0,0,0,0,6,8,33.33333333,0.677659815,0.947642739,39.84048014,0,0,0,0,0,0,11.83333333,13,9.85915493,1.405384006,1.57920311,12.36808607,4,3,-25,0.4594005,0.3562945,-22.44359
13271,GA,Telfair,3,4,33.33333333,0.185185185,0.242160068,30.76643662,0,0,0,0,0,0,11,10,-9.090909091,0.679012346,0.60540017,-10.84106595,1,0,-100,0.0617284,0,-100,20.5,22.91666667,11.78861789,1.253899321,1.435431673,14.47742648,6,5,-16.66667,0.4533434,0.3058291,-32.5392
13273,GA,Terrell,4,6,50,0.41684035,0.657030223,57.62155059,0,0,0,0,0,0,9,8,-11.11111111,0.937890788,0.876040298,-6.594636687,1,1,0,0.104210088,0.109505037,5.081033728,15.75,12.58333333,-20.10582011,1.741293532,1.403293558,-19.41085568,3,3,0,0.2921699,0.331675,13.52128
13275,GA,Thomas,11,7,-36.36363636,0.246145584,0.155697413,-36.74580274,1,1,0,0.0223769,0.0222425,-0.600547165,40,41,2.5,0.895074851,0.911941992,1.884439156,3,4,33.33333333,0.067130614,0.08896995,32.53260378,70.91666667,69.58333333,-1.880141011,1.585651254,1.537821193,-3.016430042,12,10,-16.66667,0.2617287,0.2235936,-14.57048
13277,GA,Tift,7,9,28.57142857,0.17610949,0.221108491,25.55171833,1,1,0,0.0251585,0.0245676,-2.348663522,52,52,0,1.308241924,1.277515723,-2.348663522,1,1,0,0.0251585,0.0245676,-2.348663522,73.5,77.16666667,4.988662132,1.789888954,1.890042781,5.595533011,12,11,-8.333333,0.2819946,0.2678745,-5.007224
13279,GA,Toombs,8,5,-37.5,0.295431884,0.183271021,-37.96505022,1,1,0,0.036929,0.0366542,-0.744080346,29,28,-3.448275862,1.070940581,1.026317719,-4.166698265,1,1,0,0.036929,0.0366542,-0.744080346,43.58333333,40.16666667,-7.839388145,1.595582403,1.476932882,-7.436126165,10,7,-30,0.3560873,0.2562695,-28.03185
13281,GA,Towns,2,3,50,0.191497511,0.270318976,41.16056947,0,0,0,0,0,0,11,10,-9.090909091,1.053236308,0.901063255,-14.44813971,1,1,0,0.095748755,0.090106325,-5.892953685,12.33333333,16,29.72972973,1.175162776,1.404617681,19.52537209,3,2,-33.33333,0.2731245,0.1905669,-30.22709
13283,GA,Treutlen,1,1,0,0.144801622,0.147536146,1.888462673,0,0,0,0,0,0,11,10,-9.090909091,1.59281784,1.475361464,-7.374124842,0,0,0,0,0,0,10.08333333,11.83333333,17.3553719,1.489634116,1.782934057,19.68939467,4,1,-75,0.571837,0.1477323,-74.16531
13285,GA,Troup,16,14,-12.5,0.240884044,0.201528739,-16.33786293,1,2,100,0.0150553,0.0287898,91.22774187,59,73,23.72881356,0.888259914,1.050828427,18.30190811,1,1,0,0.0150553,0.0143949,-4.386129065,67.75,85.08333333,25.58425584,0.989513349,1.215389377,22.82698134,15,12,-20,0.23394,0.1752644,-25.08149
13287,GA,Turner,2,1,-50,0.224719101,0.122654238,-45.41886422,0,1,,0,0.122654238,,17,12,-29.41176471,1.91011236,1.471850852,-22.9442789,0,2,,0,0.245308475,,14.5,18.83333333,29.88505747,1.724137931,2.345371523,36.03154836,1,2,100,0.1070549,0.2378121,122.1403
13289,GA,Twiggs,1,0,-100,0.108026358,0,-100,0,0,0,0,0,0,10,6,-40,1.080263584,0.721153846,-33.24278846,0,0,0,0,0,0,9.583333333,12.25,27.82608696,1.134525078,1.499204504,32.14379593,3,1,-66.66666,0.2940023,0.1183852,-59.73323
13291,GA,Union,5,4,-20,0.234323742,0.181950509,-22.35080058,1,1,0,0.0468647,0.0454876,-2.938500728,17,15,-11.76470588,0.796700722,0.68231441,-14.35750064,2,1,-50,0.093729497,0.0454876,-51.46925036,21.58333333,22.75,5.405405405,1.006169099,0.992236567,-1.384710775,5,6,20,0.2361275,0.2797072,18.45601
13293,GA,Upson,8,8,0,0.292397661,0.304692261,4.204753199,1,1,0,0.0365497,0.0380865,4.204753199,16,25,56.25,0.584795322,0.952163315,62.81992687,1,2,100,0.0365497,0.076173065,108.4095064,39.75,46.5,16.98113208,1.492677431,1.765711031,18.29153397,8,4,-50,0.2910784,0.1502065,-48.39655
13295,GA,Walker,9,8,-11.11111111,0.13117239,0.117271101,-10.59772429,1,1,0,0.0145747,0.0146589,0.577560175,43,45,4.651162791,0.626712528,0.659649946,5.255586229,1,0,-100,0.0145747,0,-100,68.5,64.91666667,-5.231143552,1.005962346,0.956119163,-4.954776262,10,10,0,0.1541568,0.1468558,-4.736097
13297,GA,Walton,8,9,12.5,0.095977349,0.102722137,7.027478172,2,2,0,0.0239943,0.0228271,-4.864463848,49,53,8.163265306,0.587861265,0.604919249,2.901702369,2,1,-50,0.0239943,0.0114136,-52.43223192,67.75,76.08333333,12.300123,0.801064144,0.843645584,5.31560923,13,12,-7.692307,0.1513881,0.1418859,-6.276716
13299,GA,Ware,7,5,-28.57142857,0.194525497,0.140785584,-27.62615394,1,1,0,0.0277894,0.0281571,1.323384485,42,38,-9.523809524,1.16715298,1.069970435,-8.326461656,0,0,0,0,0,0,57.66666667,58.83333333,2.023121387,1.609856416,1.64624023,2.26006579,10,9,-10,0.2779013,0.2512493,-9.590459
13301,GA,Warren,1,1,0,0.169090294,0.18115942,7.137681159,0,0,0,0,0,0,6,5,-16.66666667,1.014541765,0.905797101,-10.71859903,0,0,0,0,0,0,8.916666667,8.416666667,-5.607476636,1.598541891,1.546612765,-3.248530811,1,1,0,0.1717328,0.1792757,4.392253
13303,GA,Washington,4,2,-50,0.188323917,0.096922704,-48.5340441,1,1,0,0.047081,0.0484614,2.9319118,18,16,-11.11111111,0.847457627,0.775381633,-8.504967289,1,1,0,0.047081,0.0484614,2.9319118,20.5,25.5,24.3902439,0.98184779,1.246517085,26.95624493,5,4,-20,0.2395324,0.1915801,-20.01916
13305,GA,Wayne,4,2,-50,0.13326226,0.066780193,-49.88814318,1,1,0,0.0333156,0.0333901,0.223713647,24,25,4.166666667,0.799573561,0.834752412,4.399701715,3,0,-100,0.099946695,0,-100,37.41666667,33.58333333,-10.24498886,1.234669746,1.11557711,-9.645707797,8,4,-50,0.2708651,0.1319914,-51.27042
13307,GA,Webster,1,1,0,0.360750361,0.377500944,4.643261608,0,0,0,0,0,0,0,1,,0,0.377500944,,0,0,0,0,0,0,2,1,-50,0.716075904,0.384763371,-46.26779531,0,0,0,0,0,0
13309,GA,Wheeler,3,1,-66.66666667,0.41958042,0.125078174,-70.1897019,0,0,0,0,0,0,5,5,0,0.699300699,0.625390869,-10.56910569,0,0,0,0,0,0,6.25,5,-20,0.792342799,0.62672349,-20.90248183,2,1,-50,0.2904865,0.1267748,-56.35775
13311,GA,White,5,3,-40,0.185535641,0.107257776,-42.19020379,1,1,0,0.0371071,0.0357526,-3.65033965,15,15,0,0.556606924,0.536288881,-3.65033965,3,2,-33.33333333,0.111321385,0.071505184,-35.7668931,22.16666667,20.5,-7.518796992,0.804422509,0.709735494,-11.77080633,5,4,-20,0.1990287,0.1451589,-27.06634
13313,GA,Whitfield,30,22,-26.66666667,0.297003237,0.212474165,-28.46065687,2,2,0,0.0198002,0.0193158,-2.446350273,65,72,10.76923077,0.643507014,0.695369995,8.05942739,3,2,-33.33333333,0.0297003,0.0193158,-34.96423352,130.75,126.8333333,-2.99553856,1.265008369,1.212683297,-4.136341967,24,18,-25,0.2560055,0.1741503,-31.974
13315,GA,Wilcox,1,0,-100,0.109217999,0,-100,0,0,0,0,0,0,10,8,-20,1.092179991,0.904261332,-17.20583249,0,0,0,0,0,0,10,14.25,42.5,1.102779003,1.626526652,47.49343682,2,2,0,0.2275054,0.2205558,-3.054698
13317,GA,Wilkes,4,3,-25,0.378393719,0.301810865,-20.2389336,0,0,0,0,0,0,7,6,-14.28571429,0.662189008,0.60362173,-8.844495545,0,0,0,0,0,0,13.66666667,16.66666667,21.95121951,1.356358343,1.699813021,25.32182436,4,4,0,0.3878224,0.3969829,2.362047
13319,GA,Wilkinson,3,4,33.33333333,0.310816411,0.428908428,37.99413825,0,0,0,0,0,0,12,10,-16.66666667,1.243265644,1.07227107,-13.75366359,0,0,0,0,0,0,18.58333333,16.16666667,-13.0044843,1.940412795,1.775776216,-8.484616233,3,3,0,0.2996105,0.3132505,4.552573
13321,GA,Worth,3,2,-33.33333333,0.137620992,0.095510984,-30.5985355,0,0,0,0,0,0,13,16,23.07692308,0.596357631,0.76408787,28.12578062,2,1,-50,0.091747328,0.0477555,-47.94890162,20.5,20.91666667,2.032520325,0.942918909,1.008129298,6.915800289,3,3,0,0.1406997,0.1379881,-1.927231
